id,PC1,PC2,PC3,PC4,PC5,PC6,PC7,PC8,PC9,PC10,PC11,PC12,PC13,PC14,PC15,PC16,PC17,PC18,PC19,PC20,PC21,PC22,PC23,PC24,PC25,PC26,PC27,PC28,PC29,PC30,PC31,PC32,PC33,PC34,PC35,PC36,PC37,PC38,PC39,PC40,PC41,PC42,PC43,PC44,PC45,PC46,PC47,PC48,PC49,PC50,PC51,PC52,PC53,PC54,PC55,PC56,PC57,PC58,PC59,PC60,PC61,PC62,PC63,PC64,PC65,PC66,PC67,PC68,PC69,PC70,PC71,PC72,PC73,PC74,PC75,PC76,PC77,PC78,PC79,group
con10,-4.947578665,-0.779895421,-0.106820781,0.114964802,0.889336708,-1.840750079,0.481832489,-1.782381681,-0.340481495,-1.19978571,0.276749296,-1.636189902,-0.448787274,-0.386627031,-0.490612146,2.341296904,0.809685544,-0.208222356,1.182581039,0.746076626,0.718622756,1.167058356,0.478755421,-2.011539951,-0.505997662,-0.090541932,-0.916665713,0.588046138,0.404812074,0.147519673,-0.166583299,0.562804354,-0.745096937,1.039079786,-0.44475148,-0.189897845,1.084884334,-0.880509541,-0.094032967,-0.637628977,0.199573803,0.598267188,0.046216794,-0.883675822,-0.84940859,-0.203892515,-0.346678908,0.160550358,0.22158331,0.283368598,-0.146926455,-1.023599335,0.024260257,-0.364319979,-0.546275969,-0.086717993,0.144273985,0.076911737,0.018801806,-0.319331137,0.062440877,-0.199604272,-0.026351563,0.08355661,0.052331697,-0.224514229,0.211381274,-0.059725803,-0.250669063,0.075787152,-0.139643965,0.006138858,0.015440387,0.001754851,-0.096291216,-0.063309034,0.066101122,-0.000752842,0.047178344,con
con11,-7.569728405,-0.330346809,-0.924257502,-0.024965356,1.789997257,1.194032388,1.251040662,2.100667248,-2.49213772,-2.207619338,-0.793771026,0.263265456,-0.114629891,2.829714307,0.358698642,0.807985002,1.680321453,-2.449320989,1.210694221,0.880169702,-1.238060818,0.016720422,-1.069626423,1.931750626,0.752207896,0.365600382,0.886125339,-1.425492849,-0.101419465,-0.333925584,-0.816959731,-0.492200297,0.740704768,-0.274535522,-0.932909983,-0.128317245,0.494316965,0.2264628,0.048729669,-0.357849802,0.998027132,0.313732049,0.010680803,-0.586990979,0.163221392,-0.387219287,0.976814173,0.476743305,0.106936109,0.128240766,0.025500898,0.112818287,0.066724174,0.07255264,0.450901783,-0.374905745,0.324595437,-0.264784055,-0.10219364,-0.665681973,0.135114345,0.131709086,-0.197656161,0.053636056,-0.165215027,-0.013483256,-0.109053809,-0.021485678,-0.170307519,-0.0064144,-0.07880927,0.003910711,-0.044237438,-0.062649115,-0.060115462,0.044428005,-0.026402866,-0.051470941,-0.010893409,con
con12,-2.563490421,0.201461415,0.897757826,-1.465822256,0.091239455,-0.403022281,0.087120008,-0.969931574,-1.048304034,-1.807603716,-1.102262634,0.27742513,0.499897945,0.252587238,-1.914920334,-0.841603036,0.391315267,-0.815199417,-0.853516854,-0.094902844,-0.53075311,0.155778069,0.102479948,-0.723643768,0.240619937,-0.00036251,0.124001014,-0.359280631,1.155422453,0.272483148,-0.784345912,0.583259268,1.327431683,-0.725388303,-0.332417961,-0.75620353,-0.116319492,-0.636500952,-0.872766997,-0.168434291,-0.637819557,-0.425242146,0.898035528,0.122649989,0.45707132,-0.057449086,0.174598445,-0.131342773,-0.938122147,0.175881954,-0.021363995,-0.222489796,-0.03125116,-0.450591571,-0.027093402,-0.472775158,-0.217559014,-0.123667356,0.710513502,0.245165618,-0.301969972,0.254309738,-0.052116989,-0.179798239,0.194345249,-0.017288428,-0.279904446,0.159729368,-0.045379559,0.09585445,-0.018769055,-0.049306716,0.202975432,0.1029277,-0.000852103,0.002303101,7.29E-05,0.035881039,-0.032552793,con
con13,-8.121745968,-1.396945268,-0.580573128,0.976549682,0.264281163,0.545892814,0.041183467,-2.158042158,-0.418601388,-0.531920569,-0.054558181,-0.675337956,-0.192700777,1.271852044,0.44369401,1.880321194,0.205730134,0.315022551,-0.598109399,1.044258438,-1.483209579,0.908004691,0.11530343,0.052677116,-1.801946761,0.344324448,0.458767572,-0.036707049,-0.875698173,0.450605802,-0.253783644,0.232917023,-0.64844175,-0.856814064,0.512043099,0.392969183,-0.843029195,0.307529205,-0.365057824,0.97813671,-1.977277644,-1.259565551,-0.287448555,-0.79104284,0.005473331,-0.21303323,0.552096273,0.028074283,-0.34831644,-0.351479243,0.777138188,0.078217511,0.32894745,-0.322609793,0.085507409,0.362501227,0.1456468,-0.002108626,0.028964157,-0.25141369,-0.187410976,0.125798557,0.204917983,-0.054610366,-0.038184981,-0.010283257,0.181452603,0.226930432,0.029943505,0.074196343,-0.127544058,-0.081144544,0.024779516,-0.067142387,0.079586654,0.038137832,-0.049630006,-0.013949025,0.024339576,con
con14,-1.609586613,1.957634981,2.437660887,-1.642352571,2.045742386,-0.45288996,-1.481320296,-1.306140501,0.976335475,0.726880934,-0.056316608,-0.902202667,-0.369023411,-3.311885093,0.162676002,-0.67472181,-0.07330889,0.199403073,0.797159516,0.473343057,0.074735613,0.471980755,0.674100472,1.350744829,1.358239181,-0.119162236,-0.220973869,0.538141172,0.392904235,1.076531208,-0.149235932,-0.765760357,0.981988665,-0.323608115,-0.16154655,0.402028112,1.17481341,-0.265281547,-0.82777173,0.991332043,0.072841589,0.135051454,0.256989904,-0.211260632,-0.413686025,-0.000211088,0.145320359,-0.201022903,-0.447795349,-0.274601162,0.067831,-0.175286135,0.196744519,0.443206359,-0.591319753,-0.161904677,-0.116275984,0.008151058,0.024066888,-0.105766991,0.233526458,0.169265313,-0.107693221,-0.20900888,0.101011477,-0.184053566,-0.06578409,0.353207909,-0.031681305,0.076406701,-0.151652123,-0.099315205,-0.164871262,-0.065633589,0.006709291,0.068915838,0.065962982,0.005474173,0.021503483,con
con15,-4.746837453,-1.141752739,1.207804314,-3.114751527,2.252743964,-1.833472013,0.875479433,-0.230339459,-0.06121796,2.417011696,0.657490664,-1.17912588,-0.93153242,-2.381269748,2.304945496,1.897526574,-1.254877041,1.070361535,1.821645404,0.08166224,2.07866931,1.165073224,2.750335685,1.335886098,2.148403819,0.928162853,-0.024163161,-0.144696288,0.618753059,0.301169469,1.153866561,-0.521637617,-0.234480751,-0.507997188,-0.901049807,0.036773534,0.19382192,-0.001952168,-0.451604089,-0.951467039,-0.372128742,0.222008135,0.276677431,-0.246209148,0.460554189,0.2086624,-0.402968626,-0.18669338,0.063127693,0.531763932,0.29797907,0.536735976,0.155715787,-0.221816881,0.373404313,0.156406517,-0.144647902,-0.04583856,-0.122016278,-0.268779432,-0.080029038,0.108837477,0.129841543,-0.116478057,0.025071613,0.08350598,-0.043339816,0.04524524,-0.050270345,-0.05116692,0.11861528,0.035950792,0.030370649,0.032275181,0.079546306,0.000868186,-0.072266019,-0.043109907,-0.027319892,con
con16,-7.933997603,-1.831205151,-0.482438939,-0.020143399,-0.617312275,-0.416278957,-0.994720104,1.591109243,1.656012393,2.342987355,0.639099157,0.153130254,-1.04091092,-0.962112928,1.199258707,0.219898914,-0.103838262,1.56236836,0.598739736,-0.658070877,0.253393398,0.349872687,-0.461350042,-1.242053192,-1.417272118,0.216349388,-0.173813855,0.916073702,-0.907136265,-0.463714482,0.35992547,-0.428671542,-0.39721968,-0.861197698,-0.595592304,-1.155390401,0.048802978,0.192802511,0.981895536,0.494494585,-0.431221255,-0.291704087,0.960045641,1.12203145,-0.446291545,-1.050555005,0.729213916,0.532154895,-0.20519859,0.359425588,-0.304670807,0.147759889,-0.21040316,0.033401008,0.107249414,-0.326422274,0.696961926,0.296937743,-0.156707982,-0.384742168,0.064770122,0.017085186,0.036231658,-0.401313229,-0.088935322,0.116944484,-0.081352536,-0.083466744,0.1507039,0.130993091,0.037715388,0.088065091,0.021278648,0.127939575,-0.055261092,0.03388793,0.081106666,0.006742378,-0.005183424,con
con17,-5.86537752,-1.195660602,1.18870944,-2.338681605,3.749146118,-1.374753784,1.433415555,2.784358147,2.275892671,2.986702455,-0.220551484,-1.167402388,-1.053303811,0.391620454,1.500799719,-0.630341735,-0.121239086,1.24774351,-1.384599503,0.061738599,0.381328245,1.803952096,-1.039312221,-0.497393451,0.553145605,0.159636851,0.894341382,0.040511516,0.315144443,-0.556809632,0.521761867,0.054173581,1.036819263,1.584032868,0.901456162,-0.358744117,-0.507396704,0.908494559,1.218052135,0.770370851,0.407376145,0.230364052,0.300563916,-0.553105419,0.355632265,0.39799371,-0.066694119,0.340034051,-0.376250657,-0.615262252,-0.487634996,-0.002070206,-0.293018542,-0.308262684,0.144956652,0.314994694,0.128015029,-0.307295622,0.12920412,0.156055947,0.262635092,-0.169403874,-0.127881052,0.311446858,-0.116815636,-0.283318094,-0.045788707,0.155320403,-0.097009001,-0.182787733,0.005612178,-0.014169699,0.165626927,-0.059896437,-0.011273972,0.037076657,-0.033620852,0.045508742,0.007787712,con
con19,-4.768321796,0.698026691,2.310627745,-3.069700415,1.683136405,-1.030309749,-0.180554194,0.332807496,1.597700791,0.490360887,-0.187307559,0.39828375,0.377927062,0.143707696,0.771010453,-0.041092529,-0.142434028,-0.261020593,-1.746830435,0.071571323,1.033721333,0.594732431,-0.248040037,-0.705075169,-1.189300814,-0.794965044,0.046763999,0.165563036,-1.004583781,0.856740212,-0.96357946,0.454068639,-0.021544458,0.604281934,2.362844021,0.742637647,-0.363541119,-0.748923568,-0.511487314,-0.175482143,-0.014154253,-0.134813407,-0.544621723,0.557053492,-0.530720183,-0.138390856,-0.086445635,-0.067005514,-0.09584498,-0.00019774,0.049592894,0.597703048,0.205113419,0.081349616,0.134301017,-0.335893673,-0.33035349,-0.133287621,-0.392960206,-0.324796698,-0.338322891,0.197142111,-0.160433105,0.121423299,-0.01417867,0.033635968,-0.359819607,0.160781734,-0.060885221,0.012400426,0.102023715,-0.130712717,-0.038866345,0.006503325,-0.119886437,-0.044967608,0.028106012,-0.044500634,0.014582361,con
con2,-4.582673797,-1.818412047,0.543270381,-1.262181913,0.294383152,-2.187187842,1.03341204,0.638687122,0.12482043,-1.006845174,-0.283282544,0.100878987,-0.871886986,0.542653199,-1.17664021,0.681399812,0.002082378,0.838457878,0.062567835,-1.252644327,0.850596015,-0.82591352,-0.12928883,1.135237036,0.146081009,0.749372232,1.101637006,-0.128948464,-0.263301893,-1.371710543,-0.148524645,-0.177680013,-0.426080008,0.582882427,0.78717244,0.101041825,-0.798148974,-0.33600381,-0.445791009,-0.23739493,-0.625536291,0.009061731,-0.409713635,0.44669333,0.551753259,0.30570672,0.05220062,-0.718070277,-0.783632854,0.350085164,0.22693725,-0.239109072,-0.901043253,0.940956812,-0.399483411,-0.197807959,0.512724832,-0.00237156,0.140055911,0.054046411,-0.092535754,0.189628719,-0.294084839,0.050545774,0.628878636,-0.255125342,0.063696195,-0.122054173,-0.064119482,0.108313295,0.08620413,0.117975705,-0.013416528,-0.024554853,0.030322724,-0.007064317,0.004694726,-0.011636042,-0.00816962,con
con20,-4.421838984,2.008935069,0.588464541,-2.658649191,0.065272229,0.420872567,-2.029300447,-0.434819646,-0.148566613,-0.676202016,0.614389904,-0.260658083,0.273975867,-1.172354793,0.652495175,1.070096246,-1.221256248,-0.056620574,1.585337315,-0.094747456,-0.114423536,-0.02674163,0.749198947,1.462640286,0.578303072,-1.231721961,0.166502707,-0.81076887,-2.158991776,-0.098692234,-0.997213013,2.355016508,-0.349574851,-1.538564144,0.946474181,0.051288506,0.843617258,0.544722325,0.280555503,-0.261695905,0.28740368,0.168627414,-0.012631206,0.213558355,-0.682565895,0.546119419,0.192063592,0.070733048,0.302889675,-0.217817341,0.705123883,-0.1716741,-0.476707751,-0.258893378,-0.022169012,0.211748018,0.013505512,-0.285473813,0.075951075,0.592104019,-0.121619774,-0.042129846,-0.02736951,0.027265318,-0.188824162,0.051082387,0.070248761,-0.199183367,0.028567498,0.071339557,-0.049719302,0.00591137,0.180642557,0.058027544,0.050070859,0.021541949,0.007749657,0.034323253,0.006428176,con
con21,-4.411842684,-2.041273605,0.843520755,1.859518939,2.538891651,-2.750655683,1.360005023,-1.028863708,0.631728604,0.549959304,0.450142127,-2.054803488,-1.849572414,1.823252094,-1.858973312,0.252597072,0.203197103,0.350795164,0.53275167,-0.041826804,0.280310794,0.080408391,1.390729924,-0.336500934,-0.253491386,-0.435618634,-0.89027344,-1.1355781,-1.327528681,-0.405377792,-1.223339206,-1.77953385,0.500357086,0.127192881,0.003451114,0.225515364,0.675144008,0.003467948,-0.057752948,-0.177968089,0.235454484,0.138576886,-0.906266321,0.743872404,1.48690566,-0.48789243,0.256700339,-0.50648333,0.903550955,-0.74846943,-0.358995639,0.084360081,0.195105871,-0.018496749,0.107343412,-0.02558581,-0.264029612,0.381902497,0.130094827,0.306754795,-0.028128135,-0.121399442,0.181380897,0.266611182,0.124665412,0.202534316,-0.131943958,0.024441534,-0.030033745,0.122655556,-0.060562245,-0.080172257,-0.042875572,0.066699632,0.009244531,0.000953285,0.011169517,0.033029386,0.020667353,con
con22,-4.999400667,0.559115696,-0.380171564,-1.246242498,-0.626579891,-0.41288749,-0.595414466,-0.293325364,0.561791618,-1.332107794,-0.342714922,-0.681619991,0.020381287,-0.910026851,-1.548881126,-0.492509799,-0.155959767,0.584750958,0.385709137,0.155221001,-0.347316923,-0.269160358,-0.603002135,-1.94476634,-0.645414869,-2.306466718,-0.769122823,0.976509045,-0.425614677,-0.908538559,0.152779571,0.672958682,1.019959622,-0.318886399,-0.196444171,-0.397624418,1.070126637,0.401324455,0.543066015,-0.655490006,0.865286868,-0.510934533,0.786942006,-0.653270967,0.817962214,0.147334809,-0.041238565,0.082314355,-0.500641233,0.415043485,0.656682905,-0.683521753,-0.042019367,0.643696151,0.556630613,-0.01356935,-0.257643201,0.182480695,-0.505913845,-0.195658443,0.011966738,-0.018036851,-0.053072945,0.214319232,0.011702492,0.182555288,0.046914647,0.128412599,-0.026901753,-0.023565334,0.115671795,-0.081973675,-0.111840599,0.007581085,0.051937642,-0.005713003,-0.094689786,0.043455537,-0.016021293,con
con23,-7.332233697,0.259722345,-3.253945007,-2.306541244,-3.699145928,2.337098727,-1.996227119,-0.143378529,-0.773485234,-3.347717351,-1.749386137,-0.025380183,-1.167203632,0.323747732,-0.633300474,-3.627419048,0.904457571,1.082636344,2.68509654,-1.292964059,1.554283575,0.202846763,-1.379636644,-0.46783117,-0.047959508,1.933327799,-1.946199429,-0.262869947,-0.500244944,0.926461984,0.774746762,-0.484105831,-0.081614532,1.425154863,0.539740591,-0.045664098,-0.546230215,0.798468326,-0.700475861,0.192810267,-0.309556878,0.028606214,-0.247619868,0.46418587,0.078987425,0.995089196,-0.075786523,0.116616082,0.402431974,0.298702907,0.281611051,0.184896215,-0.250225776,-0.532546963,0.119224735,0.099740217,-0.061271743,-0.066604868,-0.038084575,-0.234155023,0.201436893,-0.104947946,0.062915929,0.023004276,0.00490408,-0.017662433,0.014165923,-0.012102846,-0.105062828,0.05434119,-0.019174541,-0.095165669,0.012471681,0.025468845,0.052681695,0.018231977,-0.001485193,0.001073094,0.018371654,con
con25,-5.815645857,-1.389058774,0.227831218,-0.267381028,-1.30764486,0.122767259,-1.745573286,-1.774956904,-0.286591235,-1.345519369,0.790851825,-0.232387176,1.6104885,-1.297543663,-1.074417307,0.732474367,-0.127719345,-0.866016042,-1.057892208,2.059930994,-2.177065318,0.124092572,-0.270838249,-0.765284115,-0.696739157,-0.841473283,-0.606152908,1.615202739,-0.585799389,0.716283627,1.448302282,0.231111969,0.196664382,0.047784978,-0.199371977,-0.080355319,-0.141227703,-0.71987055,0.100949386,-1.096379339,0.189625253,1.509696344,-1.079170467,0.131792318,0.628076009,0.08900942,-0.16620383,-0.120303129,0.288419682,-0.495694834,-0.425490315,0.801597119,-0.786520743,-0.089055317,-0.175193897,-0.041390845,0.096866568,-0.217923758,0.283998565,-0.259579431,0.297153655,-0.076175883,-0.077947948,-0.347143533,-0.010408604,-0.062032503,-0.118040396,0.143368439,0.144435634,-0.077448133,0.100546033,0.07145151,0.105157039,-0.030711382,0.05472004,-0.022758645,-0.017764962,-0.022002938,-0.022489762,con
con26,-6.251814886,0.002976838,0.754009861,-2.429308809,-1.009913962,1.842805186,-0.913640397,-2.640913593,-2.937438705,0.258839866,0.786268426,-0.55154428,0.99000278,-0.624307945,0.027494353,0.109632057,-0.674825513,0.830903907,0.305384367,2.502251391,0.624411792,-0.10539153,1.471365862,0.834499357,-0.078080322,1.193738065,0.893426002,-1.37754351,1.054813238,0.324941189,-0.354862317,-0.04980449,0.542949659,0.730770251,0.027262639,-0.074751772,-0.742462229,-0.405814854,-0.054750789,0.640049473,0.688749941,-0.295764345,0.128159489,0.469430108,-0.084321123,-0.063500936,-0.078905986,0.564117385,0.109381851,0.126831566,-0.141243904,-0.250186532,-0.534909598,0.398439428,0.236150899,-0.226259605,0.143740781,0.245678684,0.403584641,-0.015319579,-0.252867953,-0.256097486,0.066752604,0.076657709,-0.172560172,0.36064465,-0.14870013,-0.228376232,0.201473026,-0.106103824,0.138790076,0.031654467,-0.047140743,-0.108922253,-0.089412099,-0.074543526,0.011163839,0.067791619,0.034077438,con
con27,-6.326224582,-1.106487966,-1.542670759,-0.560566831,-1.400963555,2.426738162,-0.989043336,-0.083545203,-0.739237152,0.072566049,1.74903153,-0.752748664,1.896115911,-0.748095743,-1.253086728,-0.583164248,0.842455334,0.037397751,0.97783543,0.974993206,-1.267632216,-0.441317892,0.733622297,1.163831969,0.496429823,-0.212729339,-0.491326096,-0.558852151,0.613780233,-0.080376289,-0.067100678,-0.459038863,-1.056567033,-0.320366692,-0.050476988,-0.096980936,-0.364224985,0.029034183,0.864269259,0.545362762,0.521854656,-0.067404346,-0.239155007,-0.198744475,-0.185781335,0.421523841,0.164292456,-0.01893781,-0.339459975,-0.199665006,-0.452899538,0.39689124,0.608127658,0.135846801,-0.46245782,-0.138239212,0.095787937,0.17488159,-0.77098033,0.590287771,-0.197630131,0.142107719,0.13118245,0.475480495,0.121259051,-0.264971784,-0.052984485,0.099565371,-0.07539742,-0.006405048,0.050074341,0.013644257,0.007923324,0.050194548,-0.083000929,0.062698815,0.016359354,-0.004188505,-0.002480539,con
con28,-3.215576268,0.299889997,1.127767197,-1.43159136,0.677210277,-1.293151783,0.242594206,0.480749314,0.349495311,-2.088808693,-0.022278328,-0.419602356,1.195144715,-0.517998837,-0.918566787,-0.15088393,0.943270057,0.104533955,-0.25899915,-1.429910574,-0.593798429,-0.277888214,0.16849787,-0.078971381,0.621960235,1.448355478,0.637171266,-0.519366383,0.050676777,-0.161962502,-0.014301031,-0.580556866,-0.770722834,-0.680387638,0.003486607,0.114611583,-0.345263265,-0.312070424,0.437678869,0.539973896,-0.392019472,0.49078502,0.655522792,0.416650717,0.274118628,-0.487385321,-0.002341273,-0.21953261,0.927070544,-0.431362708,-0.370764916,-0.540048449,0.287768007,0.358567174,-0.067960775,0.423382937,-0.451317849,-0.489836653,0.245503694,-0.289172154,-0.233921468,-0.135315253,-0.19679848,-0.0335689,-0.418020792,-0.178311091,0.237296355,0.122045619,-0.039911206,0.072874851,-0.195752018,0.116703671,0.043139585,0.059245103,0.007188556,-0.040847749,0.026663761,0.05465922,-0.058167639,con
con29,-4.946979573,1.479056755,0.562807646,-1.726808884,1.429576685,2.851997772,1.148632477,-0.342760212,-1.643063923,-2.909872579,-0.022201044,2.09333854,0.317583837,-0.924464911,-1.191002152,2.555361735,0.075132008,-1.89202248,-2.83877061,-4.537043307,1.2499222,-0.561578226,1.70777876,-0.540137565,0.537570046,-0.498136183,-1.09236775,0.330377199,-0.303680154,-0.246406208,1.209377212,-0.436646452,0.185256603,0.098304763,-0.674227526,0.327918602,-0.419853492,-0.086415663,-0.054766755,0.647606237,0.234160502,0.060829944,0.335265702,-0.078152892,-0.020186085,-0.405597352,-0.243353032,0.184231436,-0.253965059,0.032609434,0.00618296,0.601385938,0.049927534,-0.215112091,-0.201922639,0.098344622,0.241506696,-0.057913907,0.034618666,0.287172071,0.075455108,0.002998005,0.032527119,0.13955214,-0.269558936,0.181554155,0.000204321,-0.046569441,-0.111547783,-0.135247355,-0.002164068,-0.027329783,-0.0543055,-0.043778648,-0.057179647,0.022923168,-0.0021164,-0.007498317,0.0144008,con
con3,-3.565149842,-1.296298883,0.878417257,0.015006425,1.003183539,-3.011332406,0.015044513,0.170618115,1.209403009,-0.847725723,-0.577055617,-0.626317177,0.114339427,0.002732707,-0.775729564,-0.221101872,0.429628125,0.814286946,0.648645485,-0.077434492,0.188097683,-0.74094361,-0.681666638,-0.607393774,0.296215891,0.648561338,0.314647625,-0.406630827,1.130065859,-0.819554209,-1.025984743,0.1582699,-0.138061164,-0.396726707,-0.665670771,-0.219909167,-0.000360119,-0.416719188,0.319358887,0.494369602,-0.247372764,-0.241525614,-0.383044796,-0.426928798,-0.184637941,0.062360256,-0.233092149,0.11732942,-0.146298149,-0.07453521,0.259014311,0.513107737,0.394696223,0.213920164,-0.154093431,-0.05446398,0.123825408,-0.548209429,-0.472844151,0.328961557,0.547810307,-0.386871398,0.101002198,-0.185537472,0.214221596,0.197578405,0.116296313,-0.126912687,0.331784185,-2.69E-05,-0.055631712,-0.192929487,0.036916746,-0.168773967,-0.042706902,-0.137846024,0.027651878,-0.036508737,-0.050508703,con
con31,-7.236918387,-0.175935577,-1.26060143,-2.211261032,-0.680460412,2.227652976,0.244623395,-0.299603631,0.365681932,2.950248802,-2.157634653,2.51790926,-0.43388866,-0.259366025,2.331823015,-0.422983902,-0.893058361,-0.249087642,-0.926902593,-0.383908941,-0.886962229,-0.455626946,0.118371232,-0.54143478,-0.053371891,0.774314126,-0.24344118,0.362730936,-0.951521489,0.165882266,-1.257726652,1.020899281,-0.212523812,0.236794514,-0.187673042,-1.717125896,-0.703556248,-0.062890127,-1.000522336,-0.231445388,0.334576389,-0.651902037,0.180302725,-0.724206589,0.997823087,-0.291426587,-0.080970311,-0.216099015,0.39855533,0.237276477,-0.085210336,-0.286417155,0.376100107,0.108363592,-0.506327284,-0.349575874,-0.717805262,-0.070088644,0.173305287,0.268313225,0.284685664,-0.291214895,0.091918423,0.066209759,-0.146078367,-0.130223705,0.078499833,-0.044246007,0.095051287,-0.019614344,0.086593912,0.074644008,-0.129487168,0.043048544,-0.015566204,-0.049721512,0.015929433,-0.043775572,0.001521872,con
con33,-7.688443072,-1.887435249,-0.346012189,-1.845046489,0.708361013,2.428426036,0.350009971,0.748281979,2.820402107,0.875179359,0.41329698,-0.251021509,0.227690424,1.791411807,1.618195099,-2.19975881,-2.436050945,-0.701448185,-1.404516825,0.43665684,0.918366121,-2.921706751,-1.268230378,0.594450591,-1.520287471,-1.061203344,-0.165539369,-0.405855143,0.855321977,0.556750585,0.520718091,-1.479829505,-0.500675264,-1.877821622,0.08289569,0.435430543,0.972836876,-0.381978509,-0.581079672,-0.497133822,-0.131210681,0.279003677,-0.323756962,0.052804264,-0.46483985,0.26659756,-0.360577552,0.088801755,0.185611588,0.465103491,-0.098719225,-0.137471364,0.385973091,0.233548342,-0.405960225,0.016091173,0.23406218,-0.238784831,0.343184397,-0.137849765,0.144716181,-0.049330633,0.251490494,0.218754211,0.069819245,0.066552379,0.136652764,-0.062925175,-0.130492692,-0.073290195,0.038897562,0.09633972,0.004408686,-0.050081367,0.022247398,0.041671799,-0.030780113,0.037274064,-0.002621973,con
con34,-5.58116272,-0.130150083,-1.98942623,-0.278709788,0.004066423,2.6462965,0.765113626,-0.805812626,0.327520826,0.469794356,-0.308608135,-0.523392353,-0.508171113,-0.06546317,-1.281848198,-1.326704906,-0.309445324,-0.89776832,-1.773654718,1.139372649,-0.104861071,1.214854943,0.708569409,-0.22876502,0.15842541,-0.023463324,0.759049288,0.639281231,0.541465338,1.538671955,1.170159933,-0.573061936,0.990193193,0.599291823,0.957716968,1.6877264,0.418237581,0.038914137,0.620386178,-0.787834669,-0.503844771,-0.170596816,0.35852715,-0.147598163,-0.032157368,-0.169338684,-0.225372115,0.345561099,-0.143384308,-0.067305172,-0.007780934,-0.543557359,0.077635669,0.274648801,0.48933987,0.229272907,0.218494624,-0.163125557,-0.160270912,0.40614582,-0.224717373,-0.07538555,-0.236928804,0.124051237,0.039029585,0.089284089,0.21173666,-0.334313444,0.107311439,0.078388214,-0.187941989,0.015446126,-0.071907115,0.094337382,0.103410054,-0.020291912,0.080780333,-0.062328383,-0.027994751,con
con4,-6.387512279,0.16809343,0.434780422,0.215492544,3.179715712,-0.02296621,0.995228381,1.710102428,0.883710693,0.082236922,-0.540836933,-0.067340194,-0.218867883,0.459147806,-0.747669399,-0.562740393,1.200367531,-0.487265269,-1.48969778,-0.730882891,0.895553471,-1.394974842,-0.223681833,1.134807104,0.02191547,-0.351716816,-0.162023632,0.560444185,1.129106055,0.192837318,-0.731977057,0.795881883,0.655540152,-0.129422584,-1.059053399,-0.191242566,-0.381592532,0.358544168,1.053220699,0.249108755,0.582633963,-0.320806148,-0.963973084,-0.228884854,-0.395876969,1.081900996,-0.104754317,0.22866256,0.244571519,-0.087797822,0.162456153,-0.010571818,-0.315732205,-0.233821484,-0.083155981,0.294938574,-0.397077154,0.89504227,-0.210849924,-0.056435104,-0.060671096,0.405893766,-0.014869268,-0.685616745,-0.005230957,0.054760343,-0.058909837,-0.056178606,-0.046819697,0.037517483,-0.082059741,0.020143319,-0.054843934,0.113678419,0.086230735,-0.061751022,0.055570548,0.009654806,-0.005070657,con
con6,-6.146670146,-2.140577465,-0.418494799,0.909760654,-0.65744017,1.291293083,1.575368773,1.773671075,0.545639158,1.83559826,1.251193149,-0.052657937,1.480399593,1.016128504,-0.046264919,-1.781392497,-0.113803304,-1.269627315,0.922534531,-0.072209819,-2.628320111,1.558772682,0.94643551,-0.950916907,0.593038956,0.066551878,-0.025950078,0.793957705,0.640410979,-1.453241635,1.047992154,-0.385301674,-0.171683837,0.700810181,-0.551247976,0.035250262,0.138938984,0.884073872,-0.38056101,0.148082942,-0.042844836,0.086217898,-0.442310315,0.369181465,-0.886269546,-0.460334383,0.283804244,-1.177479048,-0.379187824,0.504397679,-0.298130005,-0.234645347,-0.409623156,-0.196211545,-0.368460536,0.363385813,-0.433119031,-0.218092506,-0.086905536,0.218732875,-0.436698454,0.127604731,0.202802617,-0.186822894,-0.14446311,0.197875979,-0.060997519,-0.092843081,0.034357587,0.125561308,0.058361324,-0.033058551,-0.061566321,-0.070018006,-0.035085885,0.014416766,-0.047495837,0.005894149,0.005906178,con
con7,-6.169243326,0.323597939,-0.110150232,4.829985875,1.03384581,-1.895933367,-0.661299847,1.849222646,-0.280956741,0.217253143,-4.090872556,6.167862896,-0.276075595,-0.247284104,0.497674578,2.000023402,0.651804144,2.230124598,0.817023985,0.824051582,-1.251021568,0.566451846,-1.331110468,1.382411332,0.139525955,-1.633213301,0.02167592,0.090739969,0.730316156,-0.131548496,0.823278131,0.027977229,-0.231522235,0.962977705,-0.218753255,0.044830339,0.314433127,-1.156532476,-0.332377885,0.242087563,-0.0622182,0.053295024,0.300084773,0.542317712,-0.296101161,0.11712083,-0.598097115,0.397155786,0.701204473,-0.123753142,0.029680164,0.050008569,0.353512269,0.163174517,-0.050165287,0.32464662,0.077986788,0.059197357,0.056755326,0.251593405,-0.320600229,-0.073522456,-0.082488296,0.101457716,0.085079369,0.134400047,-0.078212254,0.039267538,-0.111096594,0.07542353,0.062356334,-0.015141901,0.037759618,-0.003078101,0.067515567,0.012418676,-0.011167476,0.007106105,0.009363043,con
con8,-2.637984042,-2.303294187,0.752704264,3.242114023,3.118726539,-0.907900405,0.044851083,-2.263526841,0.061977405,-1.063426474,-0.301625488,-0.542620912,0.004787523,0.203379358,-0.522738251,0.632067874,0.670161126,-0.201824641,0.176302448,-0.364015989,-0.351777273,-0.55353438,-1.114980911,1.010534261,0.643823156,0.439316416,-0.250351615,1.287025411,0.452412072,1.397203476,0.155305964,0.391390655,-0.541887106,-0.079638778,0.514135027,-0.81311227,0.8253291,0.547891585,0.625348716,0.357114218,1.034303864,-0.462227886,0.187110152,0.552531246,-0.40097387,0.147745121,0.253240581,-1.538643563,-0.252842503,-0.086497178,0.07250844,0.288478797,0.342665437,-0.117223307,0.319041244,-0.028308122,0.236839961,-0.16117694,0.546853105,0.052275853,0.222241117,-0.040911525,-0.162250838,-0.036551751,0.005957091,-0.159802402,0.236949958,-0.168656214,0.267978284,-0.153887994,0.138739931,-0.059332822,-0.043948528,0.097934424,-0.00968795,-0.018384699,-0.045684273,-0.011277021,0.055442395,con
con9,-3.052980488,1.432044596,0.46296209,-0.98762854,0.529658994,-1.80629896,-1.506526654,-1.554823007,-0.178170092,-2.480452808,-1.129904025,-0.407957727,0.62187285,-1.575360264,-0.469274424,-0.305001798,0.611915016,0.538005416,0.425690182,-0.40378377,-0.279975432,-0.264348964,-1.677616097,0.023300269,1.582600936,-0.066180198,1.278880034,0.436838769,-0.537458604,-0.311863572,-0.132462779,0.128550071,-1.35098953,0.104899569,0.102818191,0.402918598,0.51659047,0.615760611,-0.297284016,-0.984420505,-0.948566126,-0.677322452,-0.056284736,0.273918511,0.078718141,-0.068467497,-0.754133921,0.413417253,-0.354792717,-0.027081717,-1.251116775,0.031819792,0.294276102,-0.082653819,0.20854397,-0.012295225,-0.057321226,0.486643311,-0.132655309,0.033159445,0.11781046,0.199669283,0.248573221,0.08707186,-0.051735678,0.047648522,-0.013328648,-0.052882297,0.122639276,-0.103857456,-0.089204019,0.055621646,0.00516729,0.001608316,-0.118506703,0.018842802,-0.061985348,0.018022511,-0.034119729,con
neg1,2.048959331,-0.225117239,-1.011061938,-0.076939143,-1.462926768,-2.688867537,0.493677387,1.123120889,1.187069551,-0.634230329,-0.028754036,-0.89024533,-0.18672205,0.081026002,0.809599836,-0.73450095,-1.144868814,-0.523012308,1.012548036,-1.658322303,-0.38790227,-0.198045425,0.381814085,-0.028291759,-0.095713335,-1.717499183,0.535714445,-0.701662314,0.494021273,0.289779199,-0.579668205,-0.682291249,0.286140749,0.172007446,0.420834787,0.043831408,0.275473767,-0.255584295,-0.236137011,-0.222599693,-0.311963266,-0.179761719,-0.436945229,0.186150736,0.098557112,-0.620004892,-0.560823693,0.144677115,0.547836729,0.258180684,0.417613305,0.182971299,-0.130727486,-0.120396024,0.407991352,0.098603429,-0.120089139,-0.215988979,-0.000199205,-0.024646019,-0.122743679,0.408725641,-0.57773005,-0.217019838,-0.421383363,-0.357317727,0.105955797,-0.169886706,0.260308119,-0.030112181,0.130258863,-0.116508633,-0.123289979,-0.060286059,-0.101793372,0.028388552,0.00449862,0.020321636,0.012270819,neg
neg10,1.319471411,2.586157325,-0.303647853,0.681211839,0.77560694,-0.855736413,-0.714102462,0.21035751,-0.525790356,-1.612444234,-0.190716579,-0.235815871,-0.805259161,1.034388331,0.479782777,-0.321288318,-0.267133422,0.658699596,0.191744142,0.545555606,0.924873512,-1.39935115,0.986554874,0.025983456,-1.239489143,0.827372559,0.394024841,-0.087693299,0.17392049,-1.097540686,0.479314266,1.298366678,0.61016664,-0.638914695,1.2382974,-0.367059751,-0.409972636,-0.964756654,0.020719675,0.507606667,-0.207217542,0.976425172,0.044542319,-0.960045729,0.105062977,-0.249139275,-0.280156009,-0.518572327,0.106138327,0.350234235,-0.914662308,0.09712253,-0.397029,0.024996308,0.047744279,0.473255634,0.170495026,0.186667912,-0.382333693,0.030695344,-0.232371929,-0.051364766,0.134962748,-0.143896575,-0.061072121,0.206520357,0.181970879,0.073632336,0.033263847,-0.071948737,-0.120045671,-0.209209916,-0.024261126,0.081385834,-0.122412241,0.027057372,-0.049975223,-0.032237649,0.014603637,neg
neg11,3.155450454,-0.974131447,-1.592316169,-0.013901063,2.004979418,0.253200387,0.52101553,2.187354124,-1.57052695,-1.550038078,-0.163904209,-1.088452861,1.403579246,1.010383527,2.070915229,0.609888207,-0.849965148,-1.632364118,0.744593123,0.238741881,0.817719271,-1.287634257,0.470811501,0.045186883,-0.726356661,-0.997018765,0.080434281,-0.170940125,0.784986901,0.192850232,0.987258708,0.220729094,-1.429343881,0.967459473,0.992368864,-0.114239317,0.837874249,-0.269242716,0.809642377,0.831638376,0.473247041,-0.23845139,0.632790417,0.437208606,1.479002669,-0.166918615,-0.226412494,-0.066560512,0.194586429,0.433918785,0.275630603,-0.335850486,-0.16722457,-0.33244675,-0.072064286,0.050050997,0.006229813,-0.053077533,-0.006016803,0.039582324,-0.217248565,-0.15163035,0.354756969,-0.145141773,0.231928416,-0.135674429,-0.183369836,0.108239412,0.18801346,0.162490802,-0.133027163,0.060159861,0.025755924,0.067615058,0.022838982,0.030339445,0.006635019,-0.052101899,-0.004448237,neg
neg12,-0.013872098,3.068766865,-0.610917562,4.139604413,2.714702142,1.505020807,1.128916047,-1.48618026,0.636268471,0.773039408,-1.261237261,3.660109699,-0.411590008,0.493804657,-1.142937558,-0.298759589,0.864687677,-0.658726017,1.478007004,1.456192809,2.268974151,-0.516972194,1.573545818,-2.146282488,-0.592707611,-0.315367834,0.05891805,-0.936092914,1.219208367,0.75883202,-0.197415641,-0.898367977,-0.658549419,-1.356527327,0.430941524,-0.718400568,-0.778044594,-0.064292964,-0.048870786,-0.322490257,-0.426701001,0.209458099,-6.38E-05,-0.377112964,-0.036204396,-0.033699313,0.22627788,-0.7028538,-0.380028732,-0.184571158,-0.05817352,-0.01415205,-0.248079372,-0.245848059,0.488696372,0.088910112,0.019988307,-0.085767841,-0.451727036,0.057755164,0.187602857,-0.004589,-0.184557094,-0.075343501,-0.137748853,-0.182046914,-0.121727966,-0.024170128,-0.007210628,-0.142884916,0.016896732,0.123569331,0.055264114,-0.086320796,0.074719032,0.006401392,0.014687814,0.057973607,0.004928851,neg
neg13,1.829039346,4.384941131,0.677260496,1.32534328,0.707405858,-1.25316511,-1.017099482,-1.680222585,-0.798310359,-0.303935673,-1.252312855,0.362409895,-1.727494804,0.191846245,-0.593950887,-0.087004981,-0.624984602,1.022485135,-1.254445229,0.323532754,-1.15013358,-0.676440686,0.152677808,0.486864014,0.125699343,0.613796849,0.363739383,-0.658188252,-1.205798023,-0.429607486,1.372219799,0.199798814,-0.443479789,0.121397587,0.387197282,0.66783463,-0.15284064,0.402036759,0.144871007,-0.407488106,0.43619096,0.231908917,0.231943348,-0.282020774,0.40055911,-0.505772605,-0.075644898,0.506579103,-0.273399271,-0.171601291,0.340526919,-0.091950954,-0.118986188,-0.388874051,-0.259951634,0.073907903,0.089778792,-0.535105756,-0.358146994,0.114310635,0.531495369,0.401301085,0.262055224,-0.190754604,0.110594829,-0.106150323,-0.220812745,-0.173075005,0.046146217,0.171713981,0.045112889,0.153229063,-0.189065734,-0.023361517,-0.066107699,0.03696093,0.023050664,0.065659839,0.028971327,neg
neg14,1.503348122,0.586777686,0.096517227,1.916896643,-0.247511784,-2.8651461,0.574746723,-0.637052221,-1.326624552,-3.058726024,-2.108568538,-1.535589755,-1.951100143,0.631314644,1.062847687,-1.061467749,-1.34347151,0.201301028,-0.916331439,-1.149886304,-1.144419592,1.405583345,0.779354342,-0.843733804,0.731530675,-1.208609103,1.168201262,0.938375008,1.209839818,-0.046689035,-0.840776116,-0.600471335,-1.261220249,-1.025565607,-0.436909139,0.312123182,-0.096893675,0.985981021,-0.279556195,0.352455723,-0.014850336,0.006258454,-0.002538909,-0.112804487,-0.722303735,-0.361937017,0.014781949,0.252663376,0.206100536,0.21455889,-0.012254045,0.296030388,-0.877234583,-0.01164074,0.08049873,-0.228917687,-0.138128275,0.228370262,0.063667854,0.052560767,0.006454694,-0.479149459,0.096111011,0.303966109,0.190450963,0.062770915,-0.027794157,0.05554397,-0.165907076,-0.032925853,0.176389063,-0.002010072,-0.049609425,-0.050004371,0.103214034,0.012494282,0.036361545,-0.016240052,0.013025478,neg
neg15,4.206804898,0.171768684,0.637494346,1.27167533,2.833220719,-0.275114368,0.7136519,-0.829855279,0.494388756,0.421605471,1.055134452,-0.275562575,-1.127475267,-2.285924349,-2.305615103,-1.029045215,1.407580235,-0.43127579,0.358941856,0.342274897,-0.515361674,0.151586779,-0.253176052,0.252922684,-1.907523378,0.273293938,0.873296481,0.379694414,-0.651847083,0.115904325,0.076355413,-1.065802408,0.581136667,0.140971889,1.084941714,-0.656160336,0.011003754,0.854237237,-1.102108417,0.486452016,0.690578263,-0.183949508,0.895985162,-0.235391677,-0.280741221,-0.021079304,-0.350027596,0.000538648,0.953409727,-0.218423181,0.348645254,0.548271165,-0.22316186,0.713665518,0.137987616,-0.105387943,0.04208815,0.034248986,-0.009229342,0.192573126,0.008579233,0.126964978,0.472463232,-0.29181396,-0.126115871,0.106779072,0.230087235,-0.016588052,-0.283054351,0.025042023,0.084820096,0.139008629,0.112773309,0.015464792,-0.047192557,0.012001436,-0.013471979,-0.046353165,-0.017273154,neg
neg16,1.165106754,2.164310968,0.310466886,1.283261544,-0.626681787,0.951765034,-0.257392427,-1.20424892,-0.036047486,0.945782591,0.622251391,-0.49116448,-0.437644114,-1.339520577,-0.509554035,0.003360312,-1.379172058,0.65479966,-0.007919627,-0.684378705,-1.302107033,-1.112430229,0.291824968,-0.266261544,-0.356732095,0.434218364,0.148430271,4.31E-06,0.13499286,-1.113091612,1.176264671,-1.053081345,-0.559629331,0.294660394,-0.16704284,0.373340028,-0.113159668,-0.719334431,0.099617309,0.175527263,0.34851248,-0.357559844,-0.254135394,0.206922718,0.428086426,0.248715537,0.652029439,0.124294494,-0.185290266,0.032135805,0.812378633,-0.295134419,0.088139856,-0.067340637,0.220525522,-0.363846897,0.321148968,0.269501058,-0.133134584,0.310418384,0.130496551,-0.149479611,-0.123785692,-0.006440229,-0.455309872,-0.332750553,-0.159798622,0.008283135,-0.165116322,0.078863663,-0.011459695,-0.100800255,0.106814003,-0.032644882,0.051062569,-0.145856022,-0.031557247,-0.051722899,-0.0052144,neg
neg17,1.70780484,3.756548535,1.67768524,0.714891702,2.1146824,-0.720018317,-0.555176557,-0.423964462,-0.26143979,1.578843733,-0.291362115,-0.433074691,0.224853506,-1.614309012,1.2631988,-0.156214643,-0.962676536,0.825702935,-0.731996563,-0.331529831,-0.846948823,-0.442361233,-0.022484259,-0.266645622,-0.644417972,-0.022093652,0.04424421,0.015704165,0.211947388,-1.143421196,0.059256876,0.121919512,0.750817608,0.332303446,-0.355734091,-0.411397434,-0.567691921,-0.25152094,-0.26212886,-0.299485469,0.279432245,0.084980268,-1.434060037,0.057366306,-0.256203674,-0.103730134,0.329813592,-0.147139548,0.267421879,0.739408135,0.026725058,0.108909892,0.008288261,-0.455014895,0.146259244,-0.214833886,-0.05096896,0.189158132,0.182118038,-0.130438562,0.165524956,0.311729545,0.026876481,0.392051963,0.068097982,0.024139213,0.199739111,-0.297886444,-0.082016523,0.198680719,-0.412017127,0.017910738,0.139843553,-0.0401606,0.026806501,0.027696299,-0.020021415,0.015420783,-0.004538239,neg
neg18,3.308203644,2.171820876,-0.384142597,-1.235781856,1.436365506,-0.897004243,1.757647815,1.641794995,0.233135659,-0.526827392,0.318271116,0.422628994,1.439772879,-1.115809816,0.200012416,-2.137125022,2.136918672,-0.949459986,-0.163388275,1.17425383,-0.536470951,1.218816117,-0.003140084,0.581868914,0.31725409,1.2013751,-1.145892083,0.312299856,0.806447819,-0.427921362,-0.56641085,0.75390257,-0.814633211,-0.682354443,0.626244622,1.404473224,0.000820301,-0.190302576,0.00485625,0.205315727,-0.045393467,-0.453086121,-0.126069803,0.212285323,0.627363919,-1.004730419,-0.055216186,0.307959376,0.546032751,0.472833126,0.156837519,-0.19682373,-0.075120293,-0.021965256,-0.584367116,-0.058177516,-0.21806251,-0.132595648,-0.494159374,-0.108281331,0.278279452,0.138345757,-0.190422116,-0.13409183,0.006554268,0.085879774,-0.063266229,-0.162223386,-0.042928549,-0.130795735,0.203840715,-0.003154144,0.15551755,0.015674437,0.118053933,-0.017568589,-0.017571466,0.009003565,0.030250011,neg
neg19,3.737056624,0.710598422,-1.681140971,0.045087915,4.674996559,-0.045675747,-3.808911477,1.364457352,2.147361895,2.903375445,1.172327263,-0.420068505,-1.183068195,-0.205862449,-3.255653549,-1.295217644,0.846732146,-0.571273616,0.339246766,-1.898751481,-0.876287407,1.103713307,-0.195520214,0.299327288,-0.007551996,-0.845231201,0.497293252,-0.935029875,-0.359639665,0.596844073,0.327459684,1.040932096,-1.731248506,0.191564322,-0.473361557,-0.118554356,-0.27000464,-0.36569215,-0.535177827,0.165931821,-0.259230583,0.792251226,-0.300106168,-0.186408477,0.637994425,0.499920715,0.33890086,0.449804918,-0.168870051,0.089606884,0.212223287,-0.206418404,0.163303625,-0.155144169,-0.263899496,-0.455634819,0.33754845,0.008040379,0.121993299,-0.312638266,-0.557232482,-0.240584266,0.003317138,0.039365884,-0.033013726,0.208386763,0.012788299,-0.085320305,0.137693839,-0.374114116,-0.07720953,-0.018575027,-0.082948075,-0.032572864,0.053508442,0.001121956,-0.004142226,0.00304096,0.006330245,neg
neg2,3.247940952,-2.3323508,-2.996808369,1.682816243,3.632182825,-1.297481973,-7.224237036,1.891079106,1.1147954,-1.280028881,0.024027437,-0.194939934,2.687570862,1.429458375,1.297658979,-0.433127921,-1.116656524,-0.634373668,1.674028557,-0.379130495,-0.409576588,-0.688453899,2.23289584,0.077452722,-1.369882167,0.654971618,-1.203812502,0.973075048,-0.601467329,0.754903026,-0.431381079,-0.560324513,0.790761797,1.17598024,-0.819175295,0.048828184,-0.438135508,0.037154784,-0.030471536,-0.017776382,-0.233504272,-0.096127619,0.307854121,-0.607210786,-0.083346911,-0.442878974,-0.095061577,0.583024333,-0.357747771,-0.216091256,0.114581006,0.312990742,-0.050717166,0.375389298,-0.075605153,0.132193054,-0.142972165,0.196928958,0.07698046,0.279612622,0.056403943,-0.022769327,-0.301626837,-0.070654964,0.17514736,-0.060572411,0.099063651,0.008879473,-0.017855705,0.030647497,0.008663713,0.094783197,0.011844041,-0.061965659,-0.003780991,0.027538362,-0.029449527,0.032049618,-0.004835061,neg
neg20,3.408765005,2.30399415,-0.207095451,-1.8652788,0.460964798,-1.044906721,0.858425345,-0.081130294,1.515276398,-0.352572012,-1.084893365,3.196934792,1.193765395,-0.248530097,0.797461346,0.31549309,-0.178016682,-0.494690457,1.166603223,1.451414457,-0.484265521,0.187531361,0.457101146,-1.235630922,1.292944208,-0.712526573,-0.710040978,-0.941964424,-0.260133985,-0.501440003,0.253930809,-0.205814989,-0.440483317,-0.148375776,0.933624245,0.955760576,-0.940850784,0.261473565,0.461571637,0.268618052,0.555395024,0.588293274,-0.11627764,0.301149024,0.056948095,0.361708119,0.444068839,-0.036495622,-0.583591677,-0.027622858,-0.04496592,0.123049532,-0.194795014,0.084360768,0.145105428,-0.465718569,-0.167263344,0.422206774,0.36753699,-0.259838947,0.021002734,0.046961776,0.563452449,-0.004274991,-0.104736197,-0.228751744,0.432208734,0.035507431,0.028653379,-0.018786915,0.031385004,-0.11675124,-0.171791004,0.067138263,0.009364429,0.028477904,0.05174615,0.000109207,-0.041493202,neg
neg21,1.261996118,5.025609269,-0.715404484,-1.199206824,-1.694758209,-1.759636258,-0.276589169,0.549912905,0.871502151,-1.098299088,0.937118464,-0.966153078,1.412524718,-0.882851832,1.789746641,-0.453918444,1.137090493,-0.127003494,-1.482226742,0.089215952,0.552571712,0.400854191,-1.179178548,1.154689472,0.456340509,-0.978502952,-1.545515792,0.582296598,0.40673571,-0.293577474,-0.388526588,0.674947347,1.068700735,-0.207479661,-0.45146796,0.376911774,-0.646259591,-0.364764968,-0.672327936,0.197220487,-0.420285917,0.333826638,0.767492513,-0.509146718,0.638242925,0.307920896,1.021211075,-0.680741249,0.511145774,0.168050239,-0.468351722,0.41787486,0.015942317,0.052967344,0.298850138,-0.071534411,0.57787097,0.156240912,-0.163850368,0.121652393,-0.211810166,-0.282971709,-0.041761283,0.197406299,-0.112262114,-0.039746313,0.169349427,-0.058698631,0.103613386,0.256845534,0.147366179,0.067042681,-0.016613325,-0.098264992,0.060641227,0.025048628,0.046448505,0.021703301,0.016433322,neg
neg22,-2.548071423,3.971907929,0.167838587,3.42214475,-1.941805833,0.268357308,-0.588266408,1.355625669,-3.221678702,1.998681404,1.635614746,-1.489287859,-0.830752713,-0.401038872,0.04972946,-0.047618974,0.35857574,-2.812798588,1.681196003,0.55664266,2.677262696,0.082799875,-2.007773014,0.280281081,0.00556674,-1.705924103,1.683854301,0.644024464,-0.606266102,-0.784050891,0.924451829,0.305735441,0.371011943,-0.190843611,-0.122668754,0.747749827,-0.312518587,-0.229613255,-0.384430111,0.347210279,-0.345376914,-0.124771452,-0.193664048,0.453028635,0.265058694,-0.476329689,0.360606019,0.194182925,-0.660189233,-0.087650815,0.146616659,0.562805464,0.171051128,0.055538264,-0.367375378,0.363278553,-0.652610652,0.042485367,0.196196929,0.080751556,0.289794935,-0.506348568,-0.099006536,-0.131271145,0.034603205,-0.007811073,0.080691579,0.019942233,-0.120006597,-0.044976215,-0.051083302,0.037255328,-0.025041987,0.066930752,-0.026741752,-0.039602455,0.010234207,0.026082037,0.009024754,neg
neg23,2.441179632,2.166615078,-0.814732209,-0.71594739,-2.378315741,0.072136774,0.863656743,0.699442741,0.691065029,0.989000628,1.261931678,-0.172095314,-0.477991257,-1.249075356,1.097315427,0.568511861,2.138235648,-0.505281966,-1.864132984,0.280675684,-0.372539739,-0.065954795,0.596373323,0.918976675,-0.437373745,-0.264899999,-1.921369842,-0.383990279,1.01761932,0.847277136,-0.9238602,-0.539666411,-1.778031254,0.913697142,0.019742633,-0.402285959,0.429994819,-0.283669844,0.096783334,0.607831617,-0.392482931,0.215164756,-0.361423243,-0.136274344,-0.345964778,-0.327590758,0.007254468,0.614231569,-0.687851907,-0.49896584,0.041931911,0.320829072,-0.190255192,0.104158763,0.799536799,-0.167225572,-0.307921794,-0.234954764,0.167142566,-0.052742126,0.136595099,-0.16144509,-0.000137477,-0.006651159,0.268754695,0.051238656,0.101840857,-0.202761969,-0.107710224,0.195021393,-0.055346334,-0.001255064,-0.038522988,0.191237826,-0.045769449,-0.046419996,-0.107566771,0.03578662,-0.008369213,neg
neg24,1.810305149,3.694822934,-1.920097103,0.432253375,-2.125772274,-0.572861058,0.137574794,-0.600449488,1.056074225,0.777265934,1.193131334,0.841673388,1.213365363,0.083196897,0.70018432,0.238637476,0.939630782,-0.090238794,-0.3911017,0.465181159,0.522320381,0.195489376,-0.13544803,0.774912725,-0.449806348,-0.148204148,-0.725030867,-1.030065239,-1.103014789,-0.438099013,-0.072939182,-0.214116301,-0.73122645,0.157579835,-0.451750829,-0.760262163,0.70830445,0.849217272,0.366446647,0.852697452,-0.274802578,0.161029153,-0.148042861,-0.18603617,0.195154613,-0.095115246,-1.281453566,-0.90819562,-0.430960511,-0.249698181,0.007512247,-0.478822115,-0.444758,0.210651241,-0.181535405,-0.024031517,0.29064331,-0.122356706,0.255106271,-0.117323766,0.458033969,0.103222453,-0.353346711,0.176132713,-0.221254066,0.488313445,-0.228662952,0.088514208,-0.07185933,0.049376901,-0.085905143,-0.127908822,-0.039052267,-0.025939927,0.099969592,0.052626885,0.049839595,-0.031798676,-0.024230707,neg
neg25,6.957603551,-2.164925912,-1.364790776,-0.904130169,4.290897248,-0.738025852,2.847771039,-0.528118077,-2.322416529,-0.826386501,-0.414039703,1.059552453,0.347392684,-1.205973017,1.663176822,-0.162391016,1.231477197,0.787181117,0.267127729,0.843211804,0.246740924,1.321574814,-0.507231986,-0.81502469,-2.061180944,1.08247198,-0.87368585,0.333345669,-0.841008077,-0.390997529,1.02065799,-0.498547414,0.693197531,-1.735397906,-0.581356252,0.722251244,0.691715903,0.206980294,0.29199543,0.143040553,-0.174136219,-0.851423487,-0.309338269,0.504800358,0.326561201,0.972937922,-0.06508286,0.179818529,-0.159661068,-0.081247123,-0.272516314,0.201706872,0.013762604,-0.257650224,-0.443517654,-0.235983888,-0.074658412,0.177194211,0.114469371,0.116662634,-0.206971572,-0.066048769,-0.562947632,0.280398491,-0.048587638,0.020802687,0.042486999,-0.091713612,0.12115416,-0.026411582,-0.08223265,0.125285511,-0.14423098,-0.004769583,-0.074362559,-0.016467632,-0.03907291,-0.011356457,-0.00246821,neg
neg26,2.721336142,3.605443523,-0.704145734,0.817882926,1.258066905,1.35390097,0.398390317,-2.298975536,-1.190843584,-0.351498485,0.8961585,-1.022697045,0.016956623,0.855918514,1.136948845,0.125272088,-0.811350667,0.870004964,-0.733717057,-1.286149203,-1.009015111,0.426031759,-0.936087298,1.062913102,0.216132587,0.533031626,0.586257816,-1.120874893,0.113699062,0.414114974,0.135680622,-1.000275979,0.977517897,0.377181641,-0.235525613,-0.88504642,-0.34898614,-0.800096507,0.9833074,-1.263244471,-0.736702583,-0.353703971,-0.067412231,-0.438620838,-0.102818978,-0.387534147,-0.038036144,-0.035473694,0.14648382,-0.468725167,-0.083296399,-0.100119943,-0.141218654,-0.049573321,-0.527993354,-0.043109476,-0.093122951,0.177345779,-0.391681181,-0.210677105,0.010575079,-0.17343181,0.187173664,-0.029985721,0.053807739,0.008340687,0.10217124,0.066885619,0.135515048,-0.114640279,0.215780471,-0.05263782,-0.027972804,0.223398467,0.129495676,0.050053736,0.0047652,0.00987396,0.017394769,neg
neg27,2.873429132,3.891661292,1.405204222,1.369870261,2.00963399,0.812740789,-0.107041855,-1.972475409,0.046388575,-0.856141306,1.364810908,-0.872924806,1.648315387,-1.45329336,1.416730396,0.227809364,0.520024916,0.153061267,0.5719936,-1.048311303,0.185776057,-0.950421922,-1.162845538,0.377512436,-0.743616939,-0.52454933,0.431625959,0.23103905,-1.209828709,0.418263349,-0.13861969,-1.290473535,-0.118022577,0.568490129,-0.654556424,-0.472010343,-0.918693562,-1.07146185,-0.090756039,0.076945957,0.761961438,-0.513090323,0.143624073,0.863536601,-0.644829398,0.228828798,0.066660426,-0.055745412,-0.418386859,0.066529805,-0.614194583,-0.867460607,-0.175950972,0.05302515,0.420514689,0.154875656,-0.557227194,-0.376376968,-0.358209198,-0.186834465,-0.201562624,0.008641541,0.080416449,0.098260886,0.094431706,-0.021408444,-0.061367926,-0.013169051,0.038245204,-0.09050489,0.032152502,-0.067270452,0.122949324,-0.117987895,0.0825598,0.027218421,0.007849837,-0.030585941,0.006185365,neg
neg28,1.16883201,3.20940191,-0.857742307,1.64659198,-1.4591487,-1.634346133,0.10103029,1.506738029,-0.343139572,0.368329477,1.203908619,-1.115821594,0.848825851,1.690600031,-1.900985054,-0.216114248,0.387093405,1.602273885,-2.058442269,1.599374794,0.501271157,-0.835698256,0.301338756,1.002819946,0.813479932,0.497736046,-0.34295789,-0.37715519,-0.76222938,0.201017556,1.134367632,0.121277043,0.02588011,-0.452238772,0.525060053,-1.861545694,1.386565009,0.54291618,-1.038555907,0.402898924,0.259590544,-0.56004879,-0.133378433,-0.105934342,-0.203115442,-0.575021553,-0.515385623,0.493117916,-0.140768637,0.533585206,-0.310235561,0.164168719,-0.250048743,-0.711830488,0.042631773,-0.200998163,-0.05338449,0.237197982,-0.08944252,0.092996257,-0.399720551,-0.101481322,-0.194504267,0.020814939,-0.014613329,-0.332382208,0.145634482,0.094892957,-0.110380864,-0.129851213,0.074174269,0.051192502,-0.015613492,-0.056922513,0.030471166,-0.04552511,0.023073584,-0.011881435,-0.020147492,neg
neg29,2.804737746,3.255422453,-0.178159641,-0.267761401,0.294925819,-1.327531906,0.085587097,2.479587982,-0.299928964,-1.095037311,1.010375934,0.482042227,0.550553205,0.806299128,-0.040342641,1.582416502,-0.718399697,0.983510468,-0.351166903,0.201198953,-0.071271692,0.190030321,-1.46059481,-0.519425476,1.192718301,0.694967874,-0.243401209,-0.018838586,-0.264879163,1.781047721,0.198798451,-1.38077399,-0.252819248,0.127958847,1.16848337,-0.061158289,-0.252959511,0.867806033,-0.004867985,-0.902228993,0.248083117,0.46223893,-0.152812666,-0.741636025,-0.088226847,-0.307518456,0.326604955,-0.493957452,-0.492476725,0.185862682,0.724636833,-0.130348179,0.70232087,0.132860649,-0.390735017,0.204720377,-0.16697435,0.807573882,0.149457021,0.009824652,-0.075822825,-0.31300225,-0.122236095,-0.121929396,-0.127653665,0.210457828,-0.1989649,-0.257562625,0.063238925,0.114673752,0.050234461,-0.028733275,0.19554408,-0.070905824,-0.109577216,0.044482561,0.022341916,-0.000145723,-0.025794295,neg
neg3,1.899328587,1.628641224,-0.023973532,-2.516248601,-3.072679541,-2.074257957,0.196117385,0.874588805,1.551817814,-0.348764837,1.852465387,0.357490968,0.992366597,-1.028280827,-0.577052751,0.511979344,0.116659707,-0.351581727,0.711479005,-0.135824282,-0.165356893,0.354012742,-0.698057636,-1.392238704,-0.738398851,1.150486615,0.182855396,-0.339713673,1.096850967,-1.188170617,-0.159350228,-0.458639506,-0.483901377,-0.401660867,-0.006881826,-0.910315753,0.265938607,-0.793227146,1.081683877,-1.420668929,0.049853377,-0.473959425,0.126696826,-0.157327813,0.174143372,0.536113199,0.261291812,0.13007726,0.143201917,-0.074206194,0.395015867,0.544482826,0.270859262,-0.097005797,0.047001982,0.160504668,0.018232883,-0.461342191,0.311583919,0.337027214,-0.252442358,0.079399146,-0.061923154,-0.064367008,0.180143655,0.151001853,0.001195015,0.007263029,-0.314066113,-0.141037761,0.072217687,-0.026960193,-0.039029173,0.062440042,-0.054367156,0.088856593,0.054776596,-0.006257603,0.042665912,neg
neg30,-1.186540772,4.820337427,-2.545119711,2.615420455,-2.627565348,1.516555871,-0.057011906,2.070600797,0.508743039,0.544266093,1.221071325,3.164536738,1.871144848,-0.056319901,-0.368699674,0.998501577,0.785483341,-1.342740659,-0.717840405,-1.450832391,1.104986282,1.461154035,1.977610708,-0.655911307,0.167887678,1.418491376,1.735062355,0.170791791,-0.731905264,-0.125385786,-0.724186968,0.209229129,1.161515486,-0.038153973,0.217564821,-0.03170687,1.290665934,0.58579056,0.062296191,-0.451510987,0.105135465,-0.321951502,-1.071141688,0.473414222,-0.316258312,0.399722284,-0.08540893,0.209473155,0.410277717,-0.021696023,0.062596389,-0.272685685,0.020646484,0.445006747,-0.028522341,-0.149998154,0.297878659,-0.052431027,-0.111634689,-0.263916629,0.053995492,-0.260906701,0.200597094,0.028303829,0.303422808,-0.216739108,0.118513623,0.171882552,0.201684504,0.068948994,0.048934981,-0.003956997,0.052340932,-0.004072323,-0.009733191,0.007198046,-0.054038157,0.014979222,0.004608593,neg
neg31,-1.480849969,4.310915661,0.414505029,2.684230584,-1.354662101,-0.021333188,-1.70977695,-0.230247101,0.0279507,0.903023344,0.039424873,-0.077554489,2.060991394,0.672019018,1.800356874,-0.621331655,-0.748157733,0.545784691,-1.078948016,0.423704967,-0.197133113,-0.18598217,-0.654263495,-0.276410565,-0.647034822,1.025168289,1.120780646,-0.249906719,0.678195273,-0.788648007,0.580433902,0.127938329,0.1397772,0.96640735,-1.322870163,1.25861684,0.992771784,0.305388531,-0.962539389,0.075450867,-0.45517615,0.19081331,0.80617641,0.085225165,0.255060941,0.437931003,-0.130282661,-0.851293359,0.398079186,-0.666734592,0.600348661,0.008066873,0.120811957,-0.330990345,0.365211381,-0.401364206,0.071782362,0.091210536,-0.069742318,0.01434994,-0.095677491,0.136729298,0.078079553,-0.235737554,0.122614359,-0.007377222,0.011952476,-0.062653389,-0.101215222,-0.252618754,-0.055770572,-0.131811437,-0.06666195,0.05933396,-0.10238805,-0.023247778,0.021047915,0.026108228,-0.005583758,neg
neg32,3.053317781,1.112106902,0.553672549,-4.214349884,1.985103962,2.280480943,3.230421634,4.392469399,-1.707648771,-0.916598324,2.977512578,0.566347706,-0.213336604,0.027407698,-2.129584816,1.664324549,-1.739456742,3.23871924,1.252000369,0.463714849,-0.065299466,-1.041736543,-1.241620171,-1.717088688,-0.399526013,0.169182223,0.976960881,0.218460277,-0.119182267,1.579734925,-0.651892331,0.869384778,-0.148702743,0.832264292,-1.231501711,1.132182571,0.131699808,-0.444770092,-0.451542979,0.819208445,0.01645442,-0.304313958,-0.557882442,-0.535394181,-0.29789269,-0.320416257,0.098091842,-0.349074281,0.248046701,-0.044603602,-0.188456995,0.026836461,-0.29153281,-0.12248383,0.272698042,-0.246457949,-0.083413799,-0.286619551,0.054457081,0.236203651,0.1643523,0.050135479,0.029553189,-0.043077837,0.010557814,0.054172921,0.047819069,0.080357087,0.022351198,0.028496159,0.081717517,0.108416786,-0.102162326,0.040471376,0.06625257,0.071974659,-0.009033116,0.003032302,-0.009384588,neg
neg33,4.227940185,4.121816654,-3.505369133,1.223939482,0.759042585,4.882380174,0.617955942,2.169322698,-0.421558706,-1.091713864,0.990072213,-0.40263347,-1.33230711,0.621300555,-1.037974159,-0.297390018,-0.884121583,2.502838252,0.071788788,0.983357289,-0.382661494,0.092975276,1.443938404,0.569593199,0.934110794,-0.858952684,0.04348796,2.377027919,-0.131372616,-0.188312418,-0.89614233,0.217784409,0.014214612,-0.325282685,-0.28091535,-0.922987627,-0.187523408,0.369942911,0.489245505,-0.307276132,-0.734538409,0.376882443,0.237761907,0.816027859,0.863762074,0.311170568,-0.215965322,-0.014640006,-0.211303775,-0.04324887,-0.285190035,0.322733331,0.780018657,0.146624548,0.111147587,0.317010422,-0.062130018,-0.353237628,0.161705846,-0.410038506,-0.050138132,0.292541843,0.122191046,0.09267839,0.040060367,0.001429297,0.039065437,-0.105935097,-0.11883879,0.101541581,0.002557363,-0.064656229,-0.013784153,-0.11474082,-0.026714756,-0.104038768,0.05095325,-0.002294764,0.03178306,neg
neg34,3.21722721,-1.047264944,-1.556100005,2.045590842,4.075402254,-0.076956131,3.302998814,-0.874645089,-0.845095388,1.258665001,0.578504291,0.417460262,0.381414449,0.294326775,0.853310684,-0.83713659,0.484186485,-0.803008586,0.579010686,-0.426143924,1.032241328,0.611505383,-1.716926811,0.284812166,-0.080482832,-0.027380405,-1.120136433,-0.630191867,0.272773766,0.535252086,-0.768099682,0.281783882,0.292770046,0.394381678,-0.570107513,-0.545571797,0.134948345,0.47789906,-0.832861663,-1.494557835,0.016202473,0.380970015,0.206921271,0.195959589,0.034185222,-0.175381384,-0.049039223,0.806782215,-0.606273951,-0.295608185,0.090476602,0.012322778,-0.600358726,-0.122319051,-0.159965096,0.259932402,0.326790481,-0.409858843,0.077403062,0.443601643,-0.246599294,0.17394938,0.454941724,-0.002757847,-0.136629697,0.016715452,0.128329869,0.127188842,0.13377561,0.214086609,-0.014305589,-0.112844949,-0.026998284,-0.07027821,-0.039693318,-0.039279779,0.022605518,-0.017204034,-0.006739632,neg
neg35,1.857060134,1.580745049,-0.02284004,-2.228362696,-3.308165699,-0.175761094,0.612998303,1.044160126,0.607169238,0.222776767,-1.276976431,-0.449771684,-0.6500971,1.559021062,-0.426217443,0.203747146,-0.631719891,0.35435954,0.885831295,-0.903423831,0.268510625,0.857508903,-0.707394663,0.060549111,-1.065512653,0.96520592,-0.155648863,-0.558823552,0.774498577,0.430164268,2.204388726,0.979460177,-0.190432125,-1.284089956,-0.652011773,-0.1350123,-0.191608651,0.090308126,0.283366309,-0.158081319,1.048844489,-0.028107801,0.28456637,-0.31895254,-0.28261795,-0.704348697,-0.570191067,0.051693781,-0.122649126,-0.87216101,0.050599211,0.674197003,-0.120138809,0.91511786,-0.04392889,-0.310354084,-0.515935785,0.165572551,0.137703442,-0.185654931,-0.298110705,0.258361993,0.135163057,0.27990775,0.049040972,-0.155368362,-0.068417112,-0.028207651,0.20165083,0.097387032,-0.247433234,-0.09780141,0.090498046,-0.069094333,0.090560797,-0.050402013,0.001705591,0.004960533,0.040119076,neg
neg36,-2.767234876,1.83756781,-1.047576788,1.763160144,-2.120875587,-0.32246297,-0.72767079,0.056866952,-0.593179875,1.850755603,1.451121872,-0.584661145,-0.394284911,-0.519609441,0.901666902,0.304985595,1.017337313,0.161222955,0.111418101,-1.196921659,-0.652891586,-0.172150298,0.498997859,0.010209466,-1.431845152,-0.810945129,-0.287382806,-1.177086962,0.66574304,1.534156378,-0.247718313,1.297239921,-0.657794026,-0.588057391,-0.691799853,0.927881568,-0.772962011,1.078848533,0.561259555,-0.723380359,-0.175273737,-0.471967974,0.39543258,-0.018208886,0.291674672,0.200111751,0.087839405,-0.287098262,0.619606192,-0.196291098,-0.410231835,-0.402998575,-0.368232056,-0.015297657,0.258589584,0.385193123,-0.117611245,0.338250046,0.285129147,0.049614274,0.246193583,0.179213542,-0.018973319,0.13655382,0.283329885,-0.155407587,-0.117394856,0.105225212,-0.090810445,-0.118231179,0.063169148,0.087911314,0.018741684,-0.148716373,-0.151846711,-0.018858717,0.034079266,-0.061582173,-0.019851865,neg
neg37,3.116728228,1.447165528,-1.696422037,-1.425570113,-2.785313958,-1.670072374,2.000263689,1.023473522,1.7796113,-0.63713635,0.245340209,0.530651303,0.380476419,0.980578193,0.821631383,-0.123914816,-1.415742116,0.614634599,-0.020266214,0.532228024,-0.747900641,-0.000402176,-0.104248423,-0.788130371,1.6336439,-0.589123464,-0.472157219,0.143268677,-0.702552567,1.359248233,-0.724451826,-1.079592615,0.339219629,-0.845602452,-0.686294111,0.261983437,-0.470710245,-0.113291603,-0.803247198,0.325885218,0.342141155,0.076777791,0.325391878,0.569348903,-0.031686453,0.150656194,0.436870206,0.295410701,0.12898513,-0.02579978,0.004555478,-0.281042527,-0.459384028,0.194948482,-0.372792465,0.533898476,0.630510532,0.079407275,-0.188901059,0.216877259,0.122479378,0.069188047,0.044034516,-0.089310664,0.017474815,-0.025929515,-0.15242398,0.171235886,0.007244919,-0.263281284,-0.298089471,-0.033207734,0.044180978,0.16864697,-0.063326343,-0.127563558,-0.077432693,-0.00799712,0.033143459,neg
neg4,-1.297850898,0.397428765,-4.981119691,4.598219596,-2.90313799,2.652744152,1.056287687,-2.061976009,1.526411524,-0.039312193,1.428129971,-0.910073393,-2.112303532,0.570851619,0.947921594,1.612134865,-0.668989666,0.326875678,1.11750222,-1.456060522,-0.872494267,1.829424739,-1.163533806,0.433493848,-0.64926346,0.816631839,0.192017397,0.254451131,0.180031122,0.143810055,-1.500699321,-0.509739708,0.785257163,-0.63554264,0.98467874,0.781880429,0.291757323,-1.077153159,0.649776748,1.091836098,0.54907315,1.24369497,0.432006465,-0.227725943,0.166337481,0.43369323,-0.716198524,0.207831835,-0.224488396,0.737274953,0.011779721,0.196133661,-0.012379586,-0.507758089,-0.164819004,-0.38412664,-0.271680869,0.136835461,0.064783928,0.192644594,-0.022562992,0.232438465,-0.020727491,-0.047096987,0.041086338,0.029356311,-0.003708227,0.046717335,0.04538619,-0.022581378,0.070543518,0.081208991,0.004677151,-0.046195587,-0.001443175,-0.019300135,-0.018915592,0.024081345,-0.044039079,neg
neg5,0.151638338,-2.179429958,-0.734779038,-1.611265828,-1.467957496,-2.179340843,1.943294537,1.281526016,1.05190625,-0.461249793,1.041325483,0.056308448,0.248520862,1.929482055,-0.86678677,-0.387702812,-0.02360657,0.11328811,-0.420038308,0.037886527,-0.438079033,-0.565652718,1.031223997,0.969160166,-0.115321272,0.214218364,0.171796334,-0.518942236,-0.841707753,-1.635513871,0.602013715,-0.424339139,-0.582294666,0.122647033,0.032103875,0.2061989,-0.110319586,-0.690138622,-0.655333336,-0.526238469,0.017462483,0.475787456,0.603129509,0.093254829,-0.828621218,1.018696393,0.148443261,0.312788175,-0.391084511,-0.606178573,0.177052473,-0.237046541,0.229810632,-0.498963992,0.434307151,0.124795865,-0.492307731,0.256470426,-0.014223026,-0.024474111,0.299180769,-0.085427839,-0.199816351,0.000410233,-0.081974172,0.233218546,0.171038725,0.34601727,0.258853199,0.148348459,0.146506409,0.216349951,-0.00858511,-0.035596299,0.008076558,-0.045623216,0.03491194,-0.029423261,0.032005615,neg
neg6,0.401916285,1.929287858,-2.711564256,2.871282884,-0.465707914,-1.014362045,0.734039876,-1.302345823,1.633627193,0.402899228,-1.004347262,-1.091985757,-2.430425627,1.752084487,-0.56744669,0.554513023,0.138189312,0.445717501,-0.763813592,1.144635516,1.86396327,-1.265018155,1.206554686,-0.003516949,0.19241706,0.456937134,-1.686351804,1.063150172,-1.041107881,-1.036299978,-0.179292289,0.509838872,-0.345217168,0.774407652,-0.84576377,1.724833772,-0.183007981,0.214407282,0.133898656,-0.420393959,0.782068096,-0.714412007,0.480267806,-0.09038829,-0.858033432,-0.09144433,0.662153934,0.081932366,0.344486598,0.030620655,-0.290460591,0.118447217,0.313156435,0.029427851,-0.311723016,-0.301159425,-0.072086053,-0.495713846,0.273109803,-0.052569096,-0.265979251,0.008359964,0.036913497,-0.040744501,0.027370298,-0.04411231,-0.151809851,-0.005460623,0.14513773,-0.145334523,0.065505448,-0.095173977,0.126029099,0.026295559,0.034228083,0.077828164,-0.009388982,0.000880405,-0.048767648,neg
neg7,2.016363975,2.155948825,-0.145354174,-0.388128365,-1.264634605,-0.267859373,1.038806214,2.195438665,-3.219037431,2.577100848,-4.114647781,-2.393666842,-2.772654898,-1.208875138,0.750723786,-0.205090902,-0.476690769,-3.779853573,-0.26278446,0.616915542,-1.177182946,-0.925339891,-0.566243753,-1.761134787,1.464279507,1.375475083,-0.860082443,0.245057969,-1.64677652,0.547294531,-0.031185914,-0.279187467,-0.388522981,-0.081479969,-0.515462267,-0.584134313,0.218983902,-0.957374494,0.232428281,0.651492339,-0.340982026,0.168546924,-0.462573186,-0.22202786,-0.174330756,0.556852397,-0.47608726,-0.207126895,0.123380885,-0.152972414,0.070693922,-0.133546101,0.167689003,0.352363612,0.458951166,0.178057261,0.319308705,0.090870179,-0.151233757,0.139696747,-0.330221286,0.225213542,-0.02789557,-0.029077783,0.164549785,0.066584604,0.052444656,0.071479804,0.089933694,-0.045249996,0.122008297,0.068466432,0.062247863,-0.068534971,-0.020066256,0.035096204,0.026862724,0.023188407,0.001364212,neg
neg8,4.22247051,1.842027128,-1.154905423,-2.407366412,2.92153583,0.128080163,-2.820034756,1.655591323,-1.013769348,-0.644066809,-0.164228951,-0.413421681,-1.063106583,0.073513689,1.683630918,0.711777345,0.879006639,-1.434897959,1.274448216,0.200142418,-0.964150115,-1.574058143,0.32516565,-0.28236917,-0.021985126,-0.192720757,0.732529573,0.282048452,0.635568771,-0.488478806,0.383225012,-0.178182364,0.929887422,-0.082897291,0.959642938,0.0863748,-0.876910724,1.493356935,0.432413015,-0.436951982,-0.504499327,0.329965117,-0.046253873,0.168761445,-0.875920151,-0.236276215,-0.463048449,-0.136209269,0.251890111,0.105259735,-0.222503391,-0.241180964,0.491766495,-0.263007203,0.075660813,-0.826310257,0.244659278,-0.251281156,0.180505086,0.221682926,0.10734752,0.059764905,-0.085071115,0.17179352,0.047373099,0.197939634,-0.084109547,0.294416024,-0.038899744,-0.009710794,0.03057615,-0.006547337,0.004740998,0.124679819,0.066206722,-0.135715308,0.013732258,0.00146188,0.013853007,neg
neg9,4.018056869,4.122294737,1.263986122,-1.185964484,0.886633726,0.889166218,-0.085170314,0.462861972,-0.544482557,-0.631457058,-0.288993867,-0.190580958,-2.274672081,-0.369461988,-0.171153436,-0.497727782,-0.320825932,-0.366788379,-0.888064144,0.457441323,-0.077634904,0.015300084,0.564164349,0.601164582,-0.57042752,0.88142592,0.281013698,1.284499978,1.360436442,-0.236318905,-0.083873184,0.204990328,-0.621049455,-0.060971563,1.126271749,-0.92500127,-0.02583553,-0.403823714,0.347656532,-0.37048831,0.031864671,0.095660916,0.456180321,0.429864488,-0.470773766,0.601001365,0.825114576,0.299522079,0.488730644,-0.414901716,0.174181392,-0.509379905,-0.186099079,0.057886991,-0.44573323,0.333467206,-0.083229216,0.169152167,0.316851726,-0.026130482,0.128993721,-0.137933757,-0.125330216,-0.107323016,-0.009933915,0.053918394,-0.172371792,0.049256429,0.034473223,0.072270273,-0.051582753,-0.096826806,-0.201987702,-0.134749599,-0.043623192,0.073298696,-0.099268823,-0.006982857,-0.031559393,neg
pos1,-0.578701541,0.737447306,-0.954527624,-1.588041505,-2.130202576,-1.607031203,-0.079434264,-1.67015386,-0.862354226,0.238913432,0.523174553,-0.393005204,-0.066425323,-0.772487203,-1.148437137,-0.129634443,-0.560080408,-0.204153801,-0.037001343,0.841312554,0.996923489,-0.814426447,-0.890871048,-0.635306027,-0.012142895,-0.142798214,-1.066402023,-0.586411059,1.153974462,-0.805701868,-1.410187824,0.756942895,0.927262021,1.133300841,-0.148804259,-0.215751481,-0.249581821,0.264409762,0.823757742,0.076376259,-0.528009876,0.406811425,-0.248800298,1.223436134,-0.475077624,-1.144457351,-0.469087262,0.001148057,0.029686789,-0.348748474,0.742511625,0.059448847,0.541377914,-0.124255247,-0.267033919,0.18554217,0.32064774,0.359396672,0.074863483,0.011852196,-0.167655632,0.093312962,0.141517908,0.120282771,-0.223171553,-0.147726024,0.041525076,0.153068965,0.029070579,-0.147940502,-0.014187453,0.205622758,-0.096546544,-0.118731806,0.108831585,0.039524297,-0.061646462,-0.041065199,-0.008743079,pos
pos10,5.399796137,2.428066926,3.198874474,-1.88406059,-2.349830055,3.345903138,0.927121163,-0.238239168,1.749731796,2.798909412,-6.989700911,-3.663080276,3.542026725,0.92543558,-1.934833717,2.925875687,1.356727877,1.146630309,1.11836351,-0.797477351,0.317594631,0.178547959,0.014777123,0.731427837,-1.370096491,-0.395167173,0.116096375,0.260172353,0.575748251,0.240337741,-0.23944067,-0.388861755,0.205778001,0.163375097,0.263566803,-0.059398208,0.276226552,0.646383786,-0.297439378,-0.243890949,-0.28528746,0.582034052,-0.050645267,0.225311776,-0.049081665,-0.003547872,0.600693618,-0.018924813,0.028614388,0.389477848,-0.089340669,0.120458807,-0.125725435,-0.1125363,-0.124202549,0.076981883,-0.042090803,-0.129350598,-0.196409918,0.145745728,0.10580176,-0.078912876,-0.074524645,0.038937098,-0.040134269,0.094685492,-0.023324713,0.040668883,0.051832595,-0.037402301,-0.006071778,0.111738259,-0.062760337,0.044467701,-0.012078237,0.001303855,-0.007670112,-0.006508245,-0.006741074,pos
pos11,-1.518602073,-6.390608377,2.090564906,4.411016035,-2.85903138,-3.152596534,0.870178659,2.57451695,-5.212965239,3.825692418,0.334314458,0.473568322,2.471699413,-1.472689517,-1.512179851,-0.03264529,-0.920464379,0.839247893,-0.086461345,-1.004625417,-0.235550506,-1.900045677,0.255711222,0.436748702,-0.259588727,0.996448935,-0.641868683,1.465981436,0.063377259,0.372277194,-1.04742198,-0.23844973,0.164763593,-0.925651929,1.09280072,0.597039904,-0.757010866,0.34751511,-0.102402339,-0.41996007,0.16255625,0.609544253,0.590855736,-0.099333946,0.120557432,0.127207486,-0.174306937,0.395907237,-0.144820034,-0.238463854,-0.059534357,-0.262269232,-0.130973046,-0.278518224,-0.007172046,-0.156633129,0.0148283,-0.120174485,-0.052907284,-0.286960814,0.072859552,0.006985131,-0.027994405,0.212945221,-0.0391186,0.029912191,0.064864756,-0.059778166,-0.038120273,-0.062165293,-0.044520245,-0.230372666,-0.045951039,0.035661973,0.06931939,0.049888214,0.006741008,0.006849183,0.004329379,pos
pos12,2.669876392,-3.470702353,-2.362618785,3.880205722,3.360627823,3.69334305,1.166694587,-1.011762022,-0.263527137,0.930746934,-0.99612583,-2.32102116,4.058410186,0.86073676,0.318448894,-1.851292333,0.443985274,1.564556799,-0.498283886,-0.16987506,0.640094213,0.062910224,-0.056197608,-1.439956034,2.929594567,-0.431933052,0.159285771,-0.852155988,-1.026305948,-0.196156359,0.566278152,0.992648341,-0.36712237,-0.233849486,0.420812031,-0.122056102,-0.184786875,-1.311088512,0.871630119,-0.002597154,-0.521117259,-0.367829226,0.211401299,-0.077732826,-0.608193281,-0.064399099,-0.068030218,0.133131621,0.62606885,0.0438572,0.602992698,0.450349941,-0.298922333,0.370183691,0.047457871,-0.174864479,0.033851412,0.167780416,0.376256593,-0.074725212,0.271070908,0.039770855,-0.086693472,0.049970792,0.032911815,0.072850802,-0.052278875,0.113838771,-0.194254434,0.121817651,0.029332967,-0.045179597,-0.028064075,-0.020495158,-0.062778991,0.00232277,-0.013540619,0.000760516,-0.008156337,pos
pos13,3.408178556,-0.847280975,0.804709344,-0.918837602,-0.839525749,1.088039952,0.609295102,-3.132277218,-0.176037403,1.780509127,1.448083233,1.209532562,0.319590527,-0.325285678,-0.347777036,1.009874577,-2.093648043,-0.937132898,1.238201898,-1.052570491,-0.559985846,-0.380118886,-1.064356913,-0.209590703,0.430670942,-0.223205868,-0.865213448,-1.038451344,0.013141404,-0.368379353,0.673303716,0.069694395,-0.254690869,0.468490709,1.114168614,0.092026181,0.048815128,0.805233582,-0.172170707,0.141092814,0.539701183,-0.916865332,-0.115687674,-0.764873273,-0.097125477,-0.175156911,0.462955166,0.184469546,0.512115787,0.079102312,-0.907800331,0.26516141,0.323313967,-0.099210411,-0.047686622,0.536709315,0.383781488,-0.032920454,0.084118931,-0.266718377,-0.254039425,0.021703327,-0.395228904,-0.295269312,0.399338632,0.092685381,-0.007323899,0.128972787,-0.108995691,0.147379543,0.083278486,-0.073027198,-0.110410888,-0.052229072,0.087757909,-0.132564173,0.000246222,0.04952182,-0.029709729,pos
pos14,1.176761079,0.966104727,1.020655214,1.560511321,-0.000438736,1.59030695,-0.088071287,-3.923144428,1.139226027,1.169793756,0.246448237,1.432803406,-0.516804239,0.987019998,0.004295954,-0.442487447,-2.306541031,0.059802354,0.213447842,-0.080431366,-0.473796648,-1.13239025,-0.491141439,-0.700969588,1.867226437,0.457561755,-0.161872578,0.191453389,0.974493874,-0.599495872,-0.952064136,0.656180421,-0.236805746,0.229801135,0.075586333,0.322185327,0.072418498,0.907647674,-0.184671806,0.093048404,0.179219931,0.195055064,0.004304253,0.23043011,0.560792122,0.065718279,-0.107066755,0.48406513,-0.257076199,-0.156525847,-0.333390427,0.236674704,-0.153178406,0.321851419,0.191005491,-0.262195746,-0.262806287,-0.06928051,-0.248379385,-0.072974772,-0.16703322,-0.212996455,-0.596839745,-0.260971501,-0.001041126,0.182615287,0.159129312,0.077853646,-0.04080467,0.050348263,-0.238388568,0.178455304,0.123675964,0.049566165,-0.05017147,0.126853406,-0.004840862,-0.066713506,0.049384764,pos
pos15,2.83542895,-3.006344904,1.145372283,-1.252274884,0.338100344,-0.42050392,-0.107384004,-0.608178383,0.177159395,-0.015175445,0.294254986,0.932454288,1.785604395,-0.504311519,-0.19237319,-0.540231192,-0.117104104,-0.710687899,-0.732306189,-0.984534609,0.402585568,0.004425624,-0.157121856,-1.313854827,0.580171658,0.03051971,0.437145736,-0.273200252,0.148107257,-0.114080811,-0.209217495,0.123144745,0.519812696,0.012965654,0.677942895,0.060135212,1.292128876,3.59E-05,-0.169021752,0.886948715,0.049972742,0.574551315,0.828930858,-0.103809245,0.028729162,-0.074339531,0.49436907,0.02336073,0.199415828,-0.367254273,-0.080371578,-0.036340671,0.437779264,-0.507226736,0.088133082,0.088276195,-0.104031877,0.212671926,-0.074154779,-0.279887235,0.198469896,0.257813922,0.330764598,0.101959237,0.436450295,0.113509689,-0.117122603,-0.1996764,0.153531134,-0.00314294,-0.017772218,0.144380599,0.101662974,-0.127198323,0.073113356,-0.026126674,-0.012028109,-0.013728057,0.031824491,pos
pos16,4.255288671,-3.52968122,3.219184349,-0.703196717,0.502542065,-0.342805017,1.48457255,-1.653616832,-0.691558966,-0.706854726,0.035698205,0.428961704,0.061206059,1.421412446,0.646730907,0.496859603,-1.734945961,0.113115028,-0.134977271,-0.649619033,0.258199402,0.177220452,-0.358293147,0.913002232,-0.292600137,-0.26812922,-1.29304009,0.541887882,0.39132272,0.451716764,0.885574259,0.884835681,0.5218402,-0.433946444,-0.463663442,-0.203642293,0.178128936,0.892017936,0.469120247,0.589687027,-0.914886993,0.487071827,-0.83242246,0.495661278,0.149921531,0.447080621,-0.157320189,-0.016096313,0.076042156,-0.662360583,0.277981052,-0.633638761,0.134208601,0.206679539,0.034210429,-0.583758276,-0.097326423,-0.286962958,-0.582808855,-0.148160939,-0.275487168,-0.37400351,0.194315099,-0.272289484,-0.059550435,-0.061439321,-0.023977553,-0.024091508,-0.222997839,0.065266074,0.185024507,0.014479681,0.084966122,-0.052966798,-0.13925457,-0.001715431,0.00620962,0.034907146,-0.019159259,pos
pos17,1.773980543,-3.186611633,4.218788609,-1.601016714,-0.802067535,1.635853193,1.311555699,0.581706099,0.356227423,0.354948432,1.422504993,0.300202542,-1.206648235,1.140596984,-1.131892941,0.40746968,0.565379008,-1.147804242,-0.527720356,0.994734822,-0.129787437,1.082470154,0.005855822,0.268293274,0.019966256,-0.930885221,-0.182998963,-1.321285967,-1.319532258,0.356259535,0.460167066,0.176670531,0.214682642,0.04724538,-0.775081149,-0.363395612,-1.432902964,0.006507883,0.171572544,-0.445874674,-0.49210201,0.575784351,1.358546306,0.727143646,-0.449433571,-0.038890312,-0.621129319,-0.273391351,0.549087977,0.585112534,-0.171290348,-0.083384083,0.349375488,-0.120862033,-0.007262879,-0.473935323,-0.072297749,0.273406526,-0.271615489,0.299172012,0.294415823,-0.141052226,-0.268047191,-0.288456848,0.363814605,-0.181879025,0.115597556,-0.17378723,-0.022932728,0.060030474,-0.127606973,-0.174029773,-0.034680232,-0.064675981,0.024671462,0.049627331,-0.075338026,0.00566511,0.011805109,pos
pos18,2.397535136,-1.634768579,5.686921844,-0.012394487,-0.750716138,2.492730021,-0.195377967,0.186710283,-1.449910654,-0.983979088,-0.524431633,-0.737017881,0.292637639,1.432356083,1.414711562,-0.79327936,-0.51221194,-0.226132688,-0.525538297,0.34904766,1.214229818,2.004800778,0.443043511,7.28E-05,-0.930554758,-0.314229313,0.804347889,0.793433771,-0.085578251,-0.322178716,-1.248440277,0.073855285,-1.734422958,0.734745058,-0.332776921,0.202459726,-0.678459952,-0.084525451,-0.499012055,-0.464595389,1.422800033,-0.206161652,0.191586737,-0.024285413,0.347135393,-0.004111102,-0.51761839,-0.343117847,-0.369689687,-0.476189645,0.203710793,0.03901385,0.332182657,-0.024977426,-0.371633301,0.084116687,0.580835462,0.239927701,-0.139166387,-0.153218833,-0.019868405,0.397601565,-0.183084764,-0.00686611,-0.146218097,0.117457636,0.332399578,0.09177773,-0.052534579,-0.005813089,0.080346352,0.067789884,0.0827379,0.055745479,0.020804824,-0.047678127,-0.005167098,0.036016604,-0.020462204,pos
pos19,1.818745217,1.603734304,7.632365558,1.82236109,-2.20450238,-0.563520097,-3.1937168,1.478704282,-2.713873374,-0.175185439,-0.612815034,1.263975409,-1.035106342,1.073176541,-0.519846935,-2.871625711,-0.953888245,1.617122981,0.192115435,-0.774799995,0.408451087,2.260572507,0.715538758,0.657744769,-0.01951117,-0.976818628,-1.734369806,-1.156815378,-0.074298608,0.224902427,0.40510726,-0.208162874,0.825378127,-0.349710149,0.322081179,-0.002908316,0.437496687,-0.824564569,0.856474579,0.237747831,0.10842771,-0.3786171,-0.642558186,-0.267669193,-0.179982358,-0.307634796,0.498853704,-0.16890302,-0.238352624,0.282784566,-0.27056152,-0.360199843,0.281923048,0.020300997,0.168391802,-0.002461752,0.028474107,-0.331859782,0.305500223,0.109545497,0.201913231,0.129108351,0.128577137,-0.133732971,0.065084355,0.118784016,0.149233642,0.099155385,0.025906973,-0.133503522,0.01175844,0.141185519,0.033482091,0.034043174,-0.058812653,-0.01880207,-0.000843785,-0.058340948,-0.016363382,pos
pos2,0.943440613,0.496038501,-0.023564923,2.611571034,-0.011530368,-4.084763066,0.73222606,-0.812552605,0.493548619,-0.421657363,0.936640833,-1.906347529,1.57443134,1.777279985,0.088841223,1.423083921,0.193074407,-0.380314324,-0.019007173,0.078887999,-0.4914656,0.734661834,0.078755157,-0.867338444,0.105024349,0.091863983,-0.484958617,-0.547213725,0.007982701,-0.158355873,0.2927469,0.810398816,0.836772795,-0.182776556,0.158527363,-0.079761987,-1.273007272,0.218666169,-0.646057781,0.646465268,-0.022642471,-0.060878625,-0.153364293,-0.108139963,-0.15446799,0.993481958,-0.535889548,0.357392155,-0.316828445,0.537709168,-0.178489768,-0.265155158,0.676073421,0.738233324,0.067825373,0.37061898,0.031759884,-0.292076743,0.262457366,-0.165232144,0.103961792,0.055539687,0.262860601,-0.095385133,-0.188814642,-0.086221359,-0.266751497,-0.336611942,-0.121011944,-0.065498363,0.067520813,0.174077967,-0.122100753,0.120253209,0.064016103,0.002413312,-0.008482657,-0.021590326,0.014738492,pos
pos20,4.293694223,-2.099004179,4.371764618,-1.531559436,-0.771196778,2.772703218,0.277651257,0.703440073,-0.706914414,0.472102746,-0.355828137,0.312936724,-1.387547658,-0.163220498,0.819839112,0.388348954,2.721012899,1.092774359,-0.315487855,-0.118981572,-1.673722165,-1.712680871,0.688047122,-0.211592503,-0.334591307,-0.529674098,-0.421874661,-1.135806101,-0.354038561,-0.778015168,-0.969398003,-0.727027918,0.355420031,0.630918861,0.142938014,1.32173397,1.230984022,0.244998303,0.578179771,-0.455422006,-0.556401793,-0.471129043,0.300109386,-0.331507664,0.196088423,0.436895062,-0.560912364,0.047319993,-0.514153111,0.653689268,-0.179293303,0.407779193,-0.245627816,0.312069226,-0.234447839,0.226501513,-0.023423543,0.139004946,0.356751127,-0.18928269,-0.110809462,-0.320897101,0.227314989,-0.394478089,-0.229147348,-0.184603665,0.026704213,0.01500161,0.038596208,-0.108854274,-0.018366244,-0.064747654,0.126627861,-0.103637677,0.035238982,-0.00559006,0.021373852,0.014462255,0.042550486,pos
pos21,2.529993905,-2.765640405,5.371603293,-0.161633674,-1.064590521,0.002551667,-1.456831841,-0.369611589,-0.675767886,-1.87982639,0.618136695,0.612105109,0.513814435,0.980704406,1.509965978,-0.101076652,-1.081758293,-0.700073959,-0.418723235,0.800520943,0.021098526,0.765848557,0.217151521,-0.649701307,-0.528142759,0.701844952,0.879682489,0.162176245,-0.856751028,0.06720798,-0.998787177,-0.009279633,-0.442299516,0.4444505,-0.185616443,-1.063698624,0.867066092,0.254081081,0.151230837,-0.030514594,-0.137214424,0.23878701,0.129586912,0.210909651,-0.184329697,0.570566916,0.340601953,0.196255847,0.087313205,0.167701237,-0.128139409,0.769105406,-0.009795135,0.031561318,0.118817333,0.213141341,-0.118329547,-0.092637087,-0.217017388,0.188498654,-0.063787635,-0.109321573,0.042422166,0.066961163,-0.054004163,-0.154328239,-0.271973063,-0.171305892,-0.064339633,-0.127027099,-0.213358394,-0.04031883,-0.142256861,-0.013445112,0.160709344,0.008478059,0.058920141,0.001739359,-0.038220557,pos
pos22,2.235050427,-0.429364382,4.257814466,1.863764678,-1.943592873,0.021475716,-1.474221125,-0.467326511,1.070609474,0.366154397,0.41696711,0.584353607,0.157397319,-0.366622519,-1.353840998,-1.220072275,-0.108720108,-0.884592491,0.44026396,0.319773881,1.87236579,-0.006504854,-0.381750654,-0.417015674,0.059378403,-0.326333521,1.375928136,0.515744228,0.151695233,0.024867743,-0.198602459,-0.516959577,-0.599016351,-0.063942159,-0.978697503,0.187911353,0.083244134,0.210584178,0.328871398,0.404389304,-0.624103744,0.200354705,-0.212745593,-1.151811944,0.107496671,0.512307207,-0.193390019,0.455297477,0.429426332,0.038363897,-0.583047689,-0.19262003,0.139137456,-0.050201506,-0.132274692,-0.250658296,0.213523647,0.073235798,0.317396629,0.116815452,-0.066696037,0.165599047,0.021426176,0.128958406,-0.391910401,-0.178790352,-0.266919878,-0.021171025,0.176279717,0.437127411,0.207349311,-0.07821539,0.024468926,0.097266315,0.007671854,0.015504184,-0.061086712,-0.034118462,0.028645272,pos
pos23,2.953335423,-7.075385693,-0.830890067,5.937704002,-0.530827702,3.705608445,-2.057284204,4.158542452,3.179145216,-3.502576788,-1.549875185,-1.572244214,-1.22936418,-4.509072923,0.040547448,1.744366218,-2.04109059,-0.330881587,-1.541230228,1.075702869,0.674684617,0.330636245,-0.735150551,-0.063691435,-0.02758265,1.044904197,-0.397910567,-2.489219349,0.282610569,-0.572316334,-0.025493995,0.645118565,0.291615337,-0.278392127,-0.053532286,0.096185037,-0.083225982,0.433266039,-0.583604119,-0.296255183,0.093717649,-0.002348496,-0.26876098,0.29826439,0.04780595,-0.274689116,0.369788068,-0.163915254,-0.338859372,-0.279066081,-0.3639107,-0.318612866,-0.041262131,0.008796362,0.008555528,0.119662692,-0.179872673,0.010977406,-0.057903106,-0.03322733,0.00343542,-0.005292084,-0.020881695,0.002009324,-0.068081808,0.029736393,-0.001969391,0.009548397,-0.052889483,-0.014020043,0.094207183,-0.032161706,-0.030656874,0.028291299,0.015949515,-0.014471716,0.002175249,-0.01551343,0.01392373,pos
pos24,3.612987115,-1.67653087,2.231145555,-2.4972407,-0.929973735,1.892899388,1.341545786,-0.722959826,3.891917113,-0.557803296,-0.841878567,0.516553266,0.843718666,0.433272102,0.141307246,-0.373145612,0.712752857,-0.729943317,1.645653802,0.052966073,-0.145824064,6.42E-05,0.039034843,1.227371649,0.209580559,0.922780065,0.502945172,1.964518088,-0.678009398,-0.573069116,0.200564447,0.279217703,0.501627723,-1.014287383,-0.232134356,0.294931989,-0.6088904,-0.585216901,-0.151929449,0.230277999,0.49967496,-0.296018701,-0.832990523,-0.085140008,0.386586848,-1.059210525,-0.559456016,0.53058422,-0.1934813,-0.491411371,0.015139401,-0.598923396,0.206718699,-0.560236095,0.664667397,0.286972893,0.328037734,0.345525371,0.455358198,0.210680422,0.03923296,-0.248129432,0.13177348,-0.117132993,0.230499368,-0.052467304,-0.054919822,-0.106382051,-0.160575257,-0.10807197,0.103039471,-0.120174511,-0.035278905,-0.050120498,-0.007722327,0.06331095,0.034602449,-0.016567385,-0.000600572,pos
pos25,3.848669072,-2.510813913,3.181372415,1.476757861,1.064201173,0.637934118,1.4682937,-0.792134735,1.011254967,0.197369022,2.163310407,1.165262433,-1.330451812,1.319757594,-0.644787643,0.721091278,-0.498911368,-1.736326091,0.617999772,-0.249791943,-0.722513876,-0.028243951,-0.266794309,1.172456834,-0.198557017,1.379521609,-0.856498776,1.025869861,0.786950102,0.168256663,0.787748474,1.397268678,-0.225722172,0.860980931,0.188593129,-0.069786298,0.786392471,-0.463164671,-0.51107929,-0.2250846,-1.001426126,-0.123405233,-0.012686556,0.331217913,-0.004596603,-0.117921684,0.464405672,0.127850117,0.145578519,0.933072081,0.118501236,0.064500654,-0.152768374,0.58827874,0.395251588,0.199474102,-0.088861784,0.408342428,-0.097728134,0.099561596,0.537864743,0.213934652,0.065361209,0.590395537,-0.236734726,0.01507204,-0.075128407,0.237968373,0.095005885,-0.151317033,-0.007655597,-0.0309536,0.071648005,0.071090823,-0.029708372,0.001969292,0.064332949,0.047757841,-0.010407098,pos
pos26,1.769424806,-3.994593718,3.193665885,1.649911864,-3.468301288,0.98644031,-1.609660907,-0.36926519,0.877923311,-0.031727848,1.984448984,-0.66079722,-2.436660669,0.966087394,3.046619216,0.367543242,4.923361176,1.596271863,0.41987727,-0.634923026,-0.421427223,-1.886910388,0.849166156,-1.983835034,1.515291501,-0.408016843,0.940322871,0.07126089,0.766327311,1.01047982,1.122514088,0.752191196,0.791226414,-0.212156597,0.377798267,-0.334912123,-0.000987541,-0.319984815,-0.980545014,-0.032036587,0.524387671,0.025208712,-0.412102042,0.348205468,0.254248681,-0.056571866,0.254800308,0.166326821,-0.045999717,-0.538405841,0.298714035,-0.073723378,0.080099016,-0.090812387,-0.357739276,0.044673369,0.104835878,-0.115816719,-0.229736036,0.030955449,-0.138757224,0.10807339,-0.106184145,0.189595661,-0.034403909,0.150265058,0.052103527,-0.056803101,0.015137944,0.076220483,0.035849434,0.036383299,-0.045468435,0.008770803,0.028917375,0.042801908,-0.003433979,0.00197413,-0.025771408,pos
pos27,2.437213294,-2.702999569,3.27289595,0.591448369,-0.657686615,1.390267417,-0.531987694,-0.773799313,1.365151351,-0.490609468,0.686250556,2.033904061,-0.489190638,-1.118663024,-0.274665289,-0.386247445,0.822823827,0.038321589,-0.027367548,0.832583431,0.730620511,-0.771495269,-1.153427485,1.036838246,0.935281479,-0.099571843,-0.22513692,0.968935275,-1.071677334,-0.763385021,-0.389472809,-0.990779391,0.301604541,0.041593812,-0.569035414,-0.022587591,-0.688032592,0.480835016,0.768177321,0.154888331,-0.472278751,0.466486838,0.204469182,-1.154135867,-0.258984969,-0.451075573,-0.056148093,-0.389713662,0.347244782,0.203696358,0.995083856,-0.024781147,-0.631556122,-0.204215486,-0.052661709,0.241505497,-0.308782413,-0.216258059,0.031633191,-0.277338344,-0.52522035,0.012254612,0.023454785,0.45505275,0.260968482,-0.055196671,-0.13768439,-0.041087565,0.141822681,-0.128436338,-0.073015138,0.164591842,-0.071184421,0.074583965,-0.112314921,-0.092565748,0.002529452,-0.008593094,-0.002294832,pos
pos3,4.249438949,-4.244389993,-5.359528596,-1.518206146,-3.669506952,-2.676581885,1.428481714,-0.510014175,0.477231809,0.10443982,-1.352828603,1.258970173,-0.507991986,0.192789275,0.503050015,-0.231715406,-0.237238239,-0.60804756,0.731060927,-0.186840346,0.949023992,-0.636204742,0.463826306,1.127219437,0.203805823,-0.500436555,1.288933967,0.478809126,-0.877964964,0.952258184,0.167541187,0.312267792,0.249653658,1.046258329,0.247047778,-0.199252149,0.770803264,-0.646182003,0.855986577,-0.126994742,-0.835478313,-0.224404789,0.123764454,-0.403235402,-0.009442381,-0.128346814,0.96110764,-0.363324326,-0.282443681,-0.525955317,-0.68689717,-0.095699678,-0.221291721,0.086920511,-0.341174543,-0.480008014,-0.181773894,0.093819455,-0.059954195,0.121469891,0.029296632,0.320672546,0.104104316,-0.095814688,-0.289099184,0.151017718,0.101897026,-0.260761414,-0.326934979,-0.137184894,-0.005383721,0.038247359,0.01529033,-0.100706287,0.047023078,-0.063364087,-0.034152171,-0.008374605,0.007650532,pos
pos4,3.585461512,-3.863664616,-4.997957003,-1.193850725,-0.171676619,-1.16824856,1.645789768,-2.332493767,-1.764855938,0.039317213,-0.993345373,0.900270533,-0.129755284,-1.556570159,0.813081811,-2.816008412,1.139438298,1.722403505,-1.264676065,-0.789843039,0.165212663,-0.065321787,0.385719096,0.5437733,-1.371611749,0.442330878,1.498844396,-0.483713411,-0.701940076,0.418088282,-0.085792996,1.004289161,-0.423698296,0.070200947,-0.835153502,0.347250167,0.141393461,0.272332865,0.144286102,-0.343640824,0.737747563,1.471809726,-0.529064093,-0.124510696,-0.278830519,-0.596860438,0.332382261,-0.367190033,-0.400148368,0.807134848,0.09186564,0.04638852,0.858535035,0.310612621,0.44795147,0.398912663,0.10282639,0.026174659,0.029045059,0.16718562,-0.111796995,-0.274044101,-0.076815141,-0.18984567,0.046959862,-0.108181183,-0.2024878,0.255427812,-0.063760804,0.063924,-0.028542841,0.004251121,-0.009889405,0.05950232,0.013705923,0.0081756,-0.000917703,0.022811598,0.00720459,pos
pos5,3.724716714,-1.170487771,-2.451030147,-1.941375187,-0.960645481,-0.864268559,1.472443685,-1.94526672,-0.457871138,-0.51864693,-1.058771448,0.468044599,-0.130287687,-0.870475595,-0.766253757,0.005416893,-0.745839478,-0.330329902,-0.383847287,1.208473796,-0.240302413,-0.405781981,1.04437863,-0.276209213,-0.787114386,-1.337971782,1.280995958,-0.948195174,0.246518117,0.212091296,0.668924359,-0.292094879,0.474293451,0.670323022,-0.981079653,-0.749644181,-0.173350474,0.773087665,-0.090921413,1.127301309,-0.10369914,0.246000348,-0.156522741,0.232919201,0.199391556,0.284760596,0.371359637,0.663190343,0.13928058,0.290230268,0.310203395,0.054069458,0.173205324,-0.104964553,-0.48353324,0.446712028,-0.210013252,-0.063056003,0.10348502,-0.277494658,0.182103441,0.261999907,-0.235264172,0.26317841,0.220590256,0.053424048,0.260148944,-0.081317377,0.119612801,-0.07490094,0.22928692,-0.211510945,0.177319342,0.09967048,-0.078933733,0.056169482,0.044741851,-0.014808564,-0.018621812,pos
pos6,5.545238874,-0.752794877,-1.574937094,-1.425556987,0.168711949,-1.274396582,-1.574820228,0.251166489,1.188735835,1.587612911,-1.1005555,0.608973653,-1.128793257,0.16408126,-2.008009845,-0.912180055,-1.032657179,-1.293878011,0.430573948,-0.079105119,-1.340978848,-0.264512264,0.629326247,0.479800359,-0.054368277,0.187935261,0.547815798,-0.544857626,0.334403949,0.809694033,-0.599331897,0.793458704,0.994124084,-0.087393204,-0.492344118,0.53305653,-0.008391568,-0.959732446,0.091665801,-0.147817003,0.505861411,-1.183357946,0.543746795,0.493386932,-0.292504385,0.225477504,-0.759424701,-0.864486837,-0.446798066,-0.149515864,-0.002414971,0.565416613,-0.256015541,-0.66150439,-0.186760302,0.401903413,0.284892072,-0.047958242,-0.310105075,-0.627004196,0.116325953,-0.51599312,0.11740852,0.35630059,-0.152148715,-0.035480517,-0.109410361,-0.105104764,-0.144067079,0.281568828,0.001158497,0.069520683,0.006056252,0.077473685,-0.068683856,0.001597832,-0.002505309,0.000101635,-0.025356542,pos
pos7,3.038536777,-4.095959123,-5.241181809,-1.049065672,-1.179264483,2.325415294,1.92687758,0.610734985,-2.146923526,-0.39024309,0.434706174,-0.442221643,-0.434180673,-1.066127503,0.128890908,-0.295355826,-0.124143943,0.567520416,0.624309162,-0.529848281,-0.018539258,1.09582616,0.446095218,0.760924347,-0.07056532,-2.233837139,-0.752038946,0.472413145,0.798108643,-1.893282612,0.005684353,-0.379927442,0.087110399,0.251613187,0.982727161,-0.699139465,-0.267105242,-0.228849121,-1.307304158,-0.217144379,-0.106402576,-0.626210461,-0.30665846,-0.830501796,-0.490776669,0.183573863,-0.263023251,-0.277669141,0.355581779,-0.764569925,-0.040573247,-0.102728551,0.170220961,0.13066112,0.168946258,-0.213063448,0.227943834,0.054501253,-0.026894035,-0.136675246,0.182746615,-0.124338947,0.026955386,-0.173460987,0.008898249,-0.16785897,-0.295003562,-0.133389486,0.242813629,-0.177408204,-0.234320997,0.074461265,0.060404793,0.072473482,-0.029555337,0.072784098,0.03832405,0.016682475,-0.017200172,pos
pos8,3.504228472,-3.910452378,-1.422876716,1.292404429,-3.212493135,-2.579197626,-0.567499721,0.007320903,1.190352479,-0.532732852,-0.014822344,-0.074865001,0.455396367,-0.686920846,-0.567546111,0.939091629,0.22551921,-0.565620525,-1.389164601,0.759565876,0.718729905,0.599383798,-0.140163215,0.831948447,0.674040214,-0.346752343,0.799217263,0.686853049,0.372440869,1.114255276,0.480662635,-0.606947412,-0.161898843,0.273600111,0.029842895,-0.18302875,-1.160833976,0.132434412,0.674709678,-0.243063492,0.590454597,-1.242016915,-0.506250526,-0.018137643,0.521521378,0.340627078,-0.153186278,-0.086558214,0.380216797,0.929823362,0.242987655,-0.038146492,0.012268658,-0.203542605,0.075136171,-0.420722688,-0.012280235,-0.346622891,-0.084688757,0.069599738,0.013245645,-0.034808593,0.236682378,-0.174102921,-0.099480193,0.260806089,0.120549972,0.356546928,0.053565973,0.041407554,-0.295046822,0.061413046,-0.026021865,-0.124464757,-0.032342432,0.044391971,0.019757293,0.05099574,0.020500871,pos
pos9,5.422243572,-4.408770461,-5.239423,-5.389576745,1.195635172,0.66775279,-7.844565742,-1.311641376,-2.52455929,2.711550594,0.283646869,0.906040526,-0.740882154,2.465881264,-0.739322294,2.419451882,0.888558753,0.42371314,-1.955168406,0.350917784,1.117118053,1.164007556,-1.75450189,-0.46222188,0.876495727,0.242483601,-0.161074192,0.397509545,0.679668251,-1.005565426,-0.402987245,-0.940712214,-0.297839344,-1.100584439,-0.211665203,0.388221027,0.280153662,-0.226389239,-0.317853664,0.195991157,0.271458802,0.031183291,-0.19581376,0.373702762,-0.013793213,-0.05206669,0.07344877,-0.233118759,0.212556328,0.150440153,-0.079592953,-0.342265397,-0.375277713,0.153419872,0.301296099,0.36977451,-0.263936198,-0.065253462,-0.12450697,0.150841545,0.147601676,0.201093897,0.101765376,-0.072615862,-0.089629689,-0.136556278,0.066440377,-0.031003325,-0.054077327,0.056921898,0.089207471,-0.096943469,0.015638279,0.009199066,0.000950622,0.006952345,0.006404284,-0.016766551,0.003050801,pos