id,PC1,PC2,PC3,PC4,PC5,PC6,PC7,PC8,PC9,PC10,PC11,PC12,PC13,PC14,PC15,PC16,PC17,PC18,PC19,PC20,PC21,PC22,PC23,PC24,PC25,PC26,PC27,PC28,PC29,PC30,PC31,PC32,PC33,PC34,PC35,PC36,PC37,PC38,PC39,PC40,PC41,PC42,PC43,PC44,PC45,PC46,PC47,PC48,PC49,PC50,PC51,PC52,PC53,group
con10,4.027630833,0.401169942,0.416784058,0.104697035,1.389020552,1.310690915,0.734530531,1.551317249,0.601934549,-0.418194705,-1.887381325,0.919251769,-0.303213572,-1.106115294,-0.043559855,1.531218491,0.329491248,2.15393113,0.524670382,0.103893908,-0.580874448,-0.186208811,0.845578665,-0.225114859,0.26975675,-0.185532178,1.186295055,-0.401697977,-0.710082767,-0.254349941,-0.170102313,0.537252989,-0.62948784,-0.666612318,-0.378763962,-0.320509056,-0.512672355,-0.44724031,-0.871246454,0.174425098,-0.182629741,-0.210738724,-0.185757331,0.536540748,-0.297216027,0.368152646,0.100237436,0.155414482,0.045731064,-0.095600371,0.115331314,0.092437228,0.057610406,con
con11,7.20545607,0.667909361,0.955830721,1.689998472,-3.246059461,3.100725595,2.069563367,-0.859992269,-0.213790829,-0.385164867,0.124296911,-1.645291719,-1.654548087,-0.856047507,-2.086175345,-1.771350022,-0.764646532,-0.853844923,0.858400308,-0.857631279,1.297169985,-0.638318745,1.123712317,-1.034302266,-0.078192535,-0.271569122,-0.689915565,-0.044098289,0.827089675,-0.17383567,0.307511512,0.318879888,-0.459681158,0.117446721,0.510889544,-0.533933748,-1.256472618,0.76236355,-0.49368839,-0.320244969,0.351430048,0.094516476,-0.33426502,-0.144025863,0.012357949,-0.016089059,-0.018723687,0.002831776,0.263662539,0.028553232,0.103076484,-0.042187201,0.066572996,con
con12,2.847734224,-0.596893498,0.177038596,-0.030150486,0.189288848,1.611041656,1.458523698,-0.8667456,0.226943638,1.367066809,0.436924228,0.76378936,-1.094217673,0.30069402,0.884444699,0.041119208,-0.117972731,0.459346139,0.029520848,0.40230553,0.713464845,-0.010076927,0.15359073,-1.05251243,-0.823674743,0.098677037,0.570901816,-1.04233195,0.196280208,-0.826878744,-0.05612007,0.247272275,-0.400791369,0.391660322,0.47646467,-0.504018976,1.033220165,-0.462981279,0.010046619,-0.548886549,0.359114781,-0.09332955,0.218322057,0.197158812,0.073916094,-0.092179073,-0.262768963,-0.112295284,-0.302210695,0.041084221,-0.090862536,-0.094882673,-0.078698788,con
con13,6.348097387,-0.105255521,-0.696365547,1.089785618,1.140094955,0.680042432,1.047441031,-0.051900262,1.208586076,-1.406997516,-0.582245751,-0.274501049,0.469556569,0.546748687,-0.074703506,-0.671580472,0.574360638,-0.084200931,2.111565932,-0.151747475,-0.983311054,-0.698482306,-1.625454364,0.067924271,-0.65915341,0.399915991,-0.433461253,0.490785067,-1.254140175,-0.071093375,0.185680106,0.693725873,0.172563807,0.507248782,0.543146188,-0.339220071,0.853071416,-0.427287128,-0.04836175,-0.364603971,0.584030676,-0.225837667,-0.339096823,0.10249939,0.250411661,-0.163347505,0.175770751,-0.076334715,0.272077105,0.015535496,0.000742352,-0.130427715,-0.019676028,con
con14,1.731020651,0.263317453,-0.377139658,1.284286615,2.610061327,-2.265775872,-0.784529939,2.139370949,-1.273606078,0.76558458,-0.274051196,0.374427304,-0.431600577,-0.082323456,-0.010550175,1.519877479,-1.683671568,-0.006844306,-0.391944882,-0.331877639,0.574614187,-0.652647348,0.277786777,-1.923404123,0.758351013,-0.667782999,-0.731316718,-0.102606767,-0.435997827,0.008517941,-0.003866022,-0.144502135,-0.727067885,0.143792567,-0.108913635,0.199197856,0.606266285,0.188360088,0.42166172,-0.461392793,-0.180111565,-0.024355967,-0.302861927,0.104977785,-0.023953877,0.35002425,0.221539402,-0.16679184,0.197333632,-0.088066224,0.083726184,0.071634186,-0.026387099,con
con15,5.004571228,-0.078087774,2.314652089,0.974420908,1.261460444,-2.750971165,-1.202846628,2.959324774,-1.214077995,-1.630021106,-2.004610482,-0.375729247,1.62925395,-1.359476593,-0.520258719,3.196211134,-3.117577919,-0.537689838,-0.255146912,0.025391276,1.751585572,-0.699517026,0.305934081,0.614066109,0.163556419,-0.502094786,0.01007694,0.281067612,0.211986678,-0.214400762,-0.732337965,0.121966271,0.05597664,-0.148227234,0.206122914,-0.627011905,0.101537699,-0.35473359,0.084854973,0.242664518,0.146056292,0.230285681,0.379181816,-0.061024131,0.307295551,0.022985665,0.147970109,-0.026190636,0.05249097,0.159812312,-0.106386992,-0.084194849,0.056046953,con
con16,6.503303157,-0.612934093,0.891221359,-1.041359748,-0.124276971,-2.355834359,-1.690828238,0.448480558,-1.091764117,-0.519467901,0.288415969,0.217314691,1.020744707,0.177069517,0.249966493,0.493148814,1.255897794,-0.883114828,0.445034254,0.307275571,-0.758319833,0.582180085,-0.303806954,0.397061263,-1.896574361,-0.468985368,-0.486502146,-1.046394316,-1.098466692,-0.202012782,0.600586687,-1.008303014,0.721555736,-0.315383786,0.204875286,-1.050579203,-0.642759655,0.370503123,0.167693858,0.094461773,0.325092782,-0.293184331,-0.258517479,-0.41853413,-0.059971485,0.11504092,-0.097388676,-0.154248407,0.060729012,0.030244135,0.035496718,0.063415803,0.03491515,con
con17,6.333847401,-0.300258338,2.757500597,1.904776619,-1.3275994,-3.69655459,-2.221542215,0.807153824,-0.411471818,-1.07228929,2.803082764,-0.539799755,1.026645624,0.525934599,-0.219166994,0.72025287,1.359379431,0.470994398,-1.021560323,0.304625544,0.711551616,0.431499883,-0.139832036,0.786226729,1.828276459,-0.25321179,0.294936358,-0.746972471,0.7135207,-0.724492787,0.477038617,-0.118624307,0.551736777,-0.184736811,0.332664604,0.682396154,-0.415457561,-0.058326031,-0.570907401,-0.377103508,-0.008630928,0.32544692,-0.072410762,-0.460814761,-0.390638579,-0.355049465,0.272621583,-0.230172285,-0.055977853,-0.038316749,-0.012446167,-0.023845467,-0.064180178,con
con19,5.708650183,-0.26715634,1.596516933,0.573537255,1.147068389,-1.691387925,-0.078331461,-0.783050162,0.141409443,-0.596107549,-0.256703718,-0.247718823,0.181947638,1.569518403,0.078975966,0.385190522,1.268740935,0.527238475,-0.147876579,-0.576070601,-1.897445603,0.220633234,-1.588856826,-0.187956469,-0.203409125,0.140760771,0.200579672,0.748416941,-0.097503332,0.425618746,0.231766071,0.465979063,-0.787073774,0.039406939,-0.042707262,-0.104248889,0.384613071,0.112062291,0.021484673,0.185821816,-0.328709457,0.303504114,-0.225501628,-0.556454735,0.195221643,0.080715977,0.065640205,-0.410200217,0.117506738,-0.044223454,0.037589025,0.006054412,0.040250785,con
con2,4.514567444,-0.519884701,1.702042088,0.016534229,0.34912986,0.754105263,0.172912268,-0.080457219,0.038155918,0.511117368,-0.170157616,0.558931879,0.318376992,0.086500653,-0.803220221,-0.873998232,0.2818561,-0.616344201,0.130494644,0.675117808,1.211762737,0.149784908,-0.346568263,1.193380476,0.129905563,-0.217043675,-0.311847259,0.776621488,-0.484277238,-0.124516604,-0.781843085,0.101173948,0.117213138,0.080312693,0.837117436,1.241426103,-0.163440995,-0.317156612,0.121857591,-0.157599819,-0.259978356,-0.313779625,-0.258208614,0.176231411,0.14317392,-0.348321611,0.039735412,-0.111050724,-0.178794463,-0.105961947,-0.145267463,-0.050011374,0.080473276,con
con20,4.968943449,0.129636031,1.060818556,-0.595598316,2.183452693,-0.352247403,0.642325522,1.298202102,-0.724944348,0.425512746,-1.560287752,0.028197373,0.65839371,-0.432445422,-0.874153183,-0.615380861,-0.763211668,-0.119749743,-0.033406732,-1.337820707,0.627025952,-0.489956777,-1.187926637,-0.092123406,-1.808645329,0.903455232,-0.065417374,1.064882643,1.277373726,0.435671078,-0.283727769,-0.339614396,-0.336467693,-0.785079052,-0.208657679,-0.211422855,0.25405358,0.302596785,-0.070350137,0.112839146,-0.309099158,0.045156772,-0.021725508,0.137182498,-0.247682246,0.054017602,0.149526433,0.267221117,-0.211893028,-0.089550711,-0.043912904,0.05525351,-0.092820024,con
con21,3.481695397,0.436577058,-0.903483297,2.377437265,0.761937792,0.001469353,-0.941590126,0.784426396,0.088182066,0.888330184,-0.146636312,0.469243597,0.00989147,0.042524118,-0.074527287,-0.381206778,0.076803362,-0.083733332,0.117848588,-1.588255438,0.092475875,-0.206212056,0.279647386,0.267781043,-0.21101903,-0.563184364,-0.346523286,0.142217981,-0.425887922,0.011550189,-0.200340041,-0.625960457,-0.18573422,-0.280452697,0.788548528,1.145376467,-0.02678067,1.083976378,-0.075325894,0.567549074,0.579373294,-0.121693707,0.20029588,0.259336892,0.169881803,0.147438324,-0.280457023,0.094122075,-0.225528038,0.003780459,0.056857929,-0.010824963,-0.029430956,con
con22,3.99114346,-0.181122251,1.024489153,-1.111125898,0.972361509,0.412893387,0.730030267,0.554997644,-0.351545441,1.685367874,0.490390251,1.447933301,0.357132747,-0.31181555,0.757175551,-0.229449273,1.73036776,1.952044069,-0.278396297,-0.547457629,0.016608114,1.013543054,0.185461006,-0.802277189,-0.667292198,-0.640663443,0.326368296,-0.167459394,0.963655804,-0.918647407,-0.561377157,-0.221081388,0.373711607,-0.411020299,0.385751525,0.148299095,-0.60977694,-0.059622441,0.246396122,0.0045825,0.370585575,0.270350808,-0.253774187,0.150426695,0.614062844,0.156268549,0.029344483,-0.115531263,0.103908531,0.02922101,-0.04320083,-0.067211799,-0.046310131,con
con23,4.785588668,-0.127984856,1.82877269,-2.776302578,0.706374325,2.362934068,3.281975951,1.027766823,-1.052622021,1.853515369,3.031400498,1.205107406,-1.166076242,-0.37171773,-2.263182251,0.948061221,-0.261296681,-1.837740588,-1.796116748,0.971225749,-3.194061147,-0.326561845,-0.169310991,1.118681532,1.077331576,-0.342689484,-0.255391067,0.266810939,-0.1524769,0.413252693,-0.722891363,-0.190817418,0.489913027,0.346825059,0.228740099,-0.284450107,-0.099730279,-0.207867818,-0.006628058,0.192929358,0.253458167,0.076774268,0.287381371,0.204575357,0.064410189,-0.122722038,0.30385756,0.166201368,-0.03828726,-0.034329888,0.032322298,0.060376876,-0.008086747,con
con25,4.263072847,-1.561625805,-0.455856248,-1.122517459,1.95796301,1.187456437,-0.257828344,0.223964139,1.325061773,0.891775483,-1.087954797,-0.288853038,-0.363053519,0.048389323,1.521379044,-0.214173161,0.297386119,2.034671372,1.130903831,-0.15626072,-1.669329796,0.115419178,0.184391789,-0.191199259,-0.486767195,-1.735164486,1.141534848,0.539394697,1.059946364,-0.116862239,0.109397744,0.349758401,0.08801718,0.068632139,-0.395677381,0.67805209,-0.39204297,0.448360488,0.002866147,-0.253027342,0.034464581,-0.193678122,0.23447082,-0.145937891,-0.378175629,-0.046415515,0.345192414,-0.123073708,-0.145366436,0.105557285,-0.095190918,0.061529611,0.035112644,con
con26,5.51490105,-1.284642937,-0.849466183,0.088877991,1.000894845,0.672197318,-0.265554388,1.182619285,1.147560784,-0.549393181,-1.83717999,-0.365436248,0.628752665,-1.272997221,-0.611866949,0.448580426,-1.922384558,-0.322969435,0.803021267,0.500263877,-0.960154663,-0.058138906,0.225087625,0.501600955,0.724934498,0.456878686,-0.422146817,-0.582055958,0.355181958,0.490924959,-0.387684305,0.232808635,0.006737125,0.202098381,-0.158359608,-0.069548841,-0.76792299,-0.00703422,0.490590815,-0.732490846,0.069563631,-0.445375439,-0.054124397,-0.228634715,-0.022170462,-0.380409475,-0.66983487,0.008742834,-0.293340111,-0.194262529,0.039133402,0.008985978,-0.104408679,con
con27,4.743884673,-2.005325258,0.337252096,-0.903912851,-0.887384771,1.203066721,-1.61329071,0.610966933,1.757241519,0.727290691,0.248008607,1.14424789,-1.585733676,-1.294369044,0.13091465,-0.406775068,-1.097437784,0.28676938,0.544261353,-0.736749989,0.087941427,-0.544497718,0.835614781,0.771934292,0.404098754,1.029809676,0.193895912,-0.542495996,0.825394368,0.136170524,0.374996432,-0.229564334,-0.165195228,0.514540176,0.069077528,0.688814109,0.935037779,0.105437062,0.035679218,0.565172002,-0.261771054,-0.153135193,-0.487627976,-0.655908482,-0.126162199,-0.004651575,0.110626761,-0.188052462,-0.004967412,0.130098858,0.050252303,-0.041756265,-0.081886208,con
con28,3.233481821,-0.169563541,1.196257711,-0.413576156,0.588916467,1.309713102,0.376660051,0.245780898,0.987811992,0.965077242,0.594696123,1.057792531,-0.917210194,-0.161904739,1.013416645,-0.083326806,-0.501179792,-1.177853483,-0.125889605,0.851825721,1.096172984,-0.52509529,-0.120921875,0.264894606,0.082072152,0.663963145,-0.382653879,0.080353657,-0.974896922,-1.08954371,0.244435824,-0.442351934,0.475682544,-0.760541494,-0.508681307,0.263935086,0.116245493,0.538340607,0.336548917,-0.142177986,-0.593445303,-0.106889529,-0.327840135,0.334874358,-0.384313674,0.039574099,-0.00898765,0.026926609,0.228364635,-0.112508374,0.157103266,0.033269999,-0.072973928,con
con29,4.674723578,0.719449866,1.377517292,1.965152337,-0.762297152,2.789556801,2.943113756,-1.028930938,-0.342837329,-0.264237111,-3.758465047,1.799630687,-0.367711365,3.019315131,2.643584681,0.628485489,0.319288945,-1.221223631,-2.543727479,-0.031211002,0.933837014,1.177742967,0.070825881,0.704670281,0.874206415,-0.101796397,-0.195006645,-0.177951429,-0.097553523,-0.497064487,0.514606672,-0.332118458,-0.588353617,-0.239045829,-0.471226624,-0.135134385,0.35950054,0.021696837,-0.118916858,-0.22515276,0.066937368,-0.137051268,0.346206022,-0.336326901,-0.002873574,-0.215611711,-0.009260565,0.011721189,-0.00198133,0.132760348,0.079607412,0.016848415,0.036213918,con
con3,2.999842703,-0.066749353,0.565084192,-0.2874041,1.341588532,-0.158923234,-0.174859912,0.182740448,0.293152251,0.887440575,1.426285275,0.771836981,-0.214676629,-1.204276325,-0.261357494,-0.274759553,0.190096214,0.191946604,-0.192052464,0.989751852,1.073190143,0.194129288,0.624142917,-0.478729221,-0.344257407,1.096595165,-0.113160396,-0.291388771,-0.638794471,0.132855136,-0.353537701,0.566492424,-0.373790452,0.298493248,-0.223229412,0.301246859,-0.163819712,0.107500386,-0.277671968,-0.249474416,0.0076882,0.602146018,-0.039027025,0.15982249,-0.214310686,-0.177669436,-0.055202797,-0.20228906,-0.088838586,0.053932812,-0.03326524,0.085814391,0.092726746,con
con31,6.192133691,-0.009968602,1.503846235,-0.185574773,-0.90816561,-3.29363404,1.343422239,-1.759539092,-1.300883508,-1.908208238,0.000645043,-0.913629795,0.217427601,0.072300532,1.763560398,-0.840235876,0.313548992,-0.309632093,-0.206176429,0.830818777,-1.44004742,-0.861539757,0.146444387,0.310881746,-0.669066555,0.800811615,-0.92253387,-0.013894893,0.83691722,-0.736081979,-0.771854462,0.875249653,0.282274515,0.177289149,-0.14599821,0.257730089,0.505678075,-0.073404986,0.056270557,0.022939239,0.389547937,0.267521204,0.558390758,0.649390302,-0.390879545,0.226475741,-0.382721868,-0.194591054,0.084635149,0.039650761,0.048768289,0.120471359,0.011010448,con
con33,5.642366789,-1.322868814,1.882183995,1.233482292,0.318749503,-1.644081321,-0.635358518,-0.650849916,0.779572956,-1.022309156,2.009363043,-1.237284946,0.953847166,1.167168861,-0.654220731,-1.349664825,1.136975729,0.467049289,-0.133225922,0.290082827,0.328763152,0.240794547,-0.188723326,-0.624539282,-0.11279057,-0.054206587,-0.743185935,-0.408435183,-0.348048758,0.57669291,-0.041811541,-0.288528533,-0.509743449,0.197626965,-0.504482116,0.052820348,0.369509446,0.074134847,0.094769278,-0.686144829,-0.542710613,0.376470992,-0.277755387,0.359304924,0.216149418,-0.084463464,0.098792911,0.579882874,-0.074824482,0.024506866,-0.007476851,-0.002908301,-0.019502367,con
con34,3.632731977,0.643116012,0.579481798,1.735821634,-0.438787941,-0.439875595,-0.068116941,-0.287476251,0.580855759,0.475241472,-0.108146487,-0.802887779,-0.626912943,2.023977646,0.261803526,0.82290258,-0.018357585,0.687841677,0.169037861,-0.285598366,-0.555182924,-0.756464561,-1.37910314,-0.70031042,1.720558487,-1.020584636,1.792211255,0.229828646,0.104782389,-0.065210144,-0.012387818,-0.126391147,0.611718412,0.121928458,-0.171464203,-0.046632407,-0.371010113,-0.141519114,0.216099856,-0.049855261,-0.241222291,0.173396483,-0.428697794,0.090450886,-0.05181152,0.066910997,-0.566422057,0.436230703,-0.025272672,0.054953918,-0.084053215,-0.092789682,0.041535455,con
con4,6.354198639,1.108635954,0.720027653,2.779174419,-1.725215025,-0.538002292,-0.200566043,-0.878242572,-0.37132381,0.198459448,0.333677038,0.974385728,-0.374844888,1.981044384,-0.503845335,-0.946765704,-0.345745836,0.250733258,-0.735864409,0.659006727,0.785328893,0.770980529,0.662245633,-0.865168042,-0.312481392,1.310813681,-0.077991142,-0.833461856,0.753060542,1.384133588,0.069046887,0.36754706,0.505302636,0.557336789,0.176868102,-0.385493538,-0.243769932,-0.612210082,0.446815266,0.616141839,0.156312575,-0.92833327,0.086820661,-0.271829824,0.028816635,0.775978153,0.249835771,0.171228618,-0.085067258,0.051793887,-0.074597898,0.0391989,0.041951881,con
con6,5.325194409,-1.389951838,0.687663068,0.740961781,-2.40652266,-0.536555738,-1.55631243,-1.190385822,1.187411841,1.160692123,1.039003568,-1.964165841,-0.904402537,0.175976394,1.364973322,0.344634174,-0.816416052,-0.627488654,0.915878718,-0.121716431,0.06437412,0.840782851,0.81103403,0.619470573,-0.490437455,-1.374512157,0.990159679,0.244446849,-0.812709145,1.14978777,0.766164054,-0.225586216,-0.426821639,0.468560598,0.493413997,0.128094762,-0.333508306,-0.684032561,0.625720013,0.518563821,-0.735792721,-0.010126027,0.864977637,0.475654804,-0.037791183,0.01655364,-0.221363398,-0.144392647,0.142223738,-0.083790476,0.145305907,-0.032868355,-0.046717605,con
con7,5.34394654,3.183145621,-3.301255958,0.217698994,-0.59599547,-1.191349318,1.806326665,-4.890703438,-2.561269449,-0.187437088,0.671236011,0.200109224,1.045216553,-3.297655601,-0.11907489,-0.125584507,0.610925149,0.366191451,1.151881535,-1.687649352,0.054210206,0.893993558,0.265184088,-0.790731579,1.426897618,-0.228108904,-0.68978976,0.126667208,-0.353536177,0.00064453,-0.873714086,0.296188373,0.596300677,-0.71777404,-1.460178544,-0.284115611,0.277234934,0.151442174,-0.1526536,0.465117511,-0.58928744,-0.471658643,0.381937058,-0.221236019,0.067411072,-0.179059519,0.038679747,-0.078119915,0.002591551,-0.044216574,-0.05539459,-0.089735085,-0.018970155,con
con8,1.694532416,0.681280795,-1.844742797,3.312557249,2.085981138,0.943667757,0.429846356,0.712465318,0.821262367,0.203289494,-0.159421141,0.027948879,-0.418508726,0.051125207,-0.929952703,-1.076313538,-0.38783083,0.745096944,-0.130733923,0.092212544,0.032626687,-0.51429835,-0.654040451,-1.070459044,0.379294998,0.592238496,-0.514637334,-0.973623165,0.52228547,0.200765746,0.169344644,-1.098060489,-0.157671618,0.031273603,0.347739197,0.625608957,0.409222381,0.163413379,0.099283745,0.46541212,-0.269738325,0.42624031,0.576198633,0.109036862,-0.056626139,-0.533436527,-0.237320809,0.083750123,0.40092902,-0.0045226,-0.072859836,0.011744963,0.099717245,con
con9,2.958480933,1.183431142,0.213096724,-0.684123483,2.683607473,0.994603836,1.448033287,1.063164403,0.029947639,1.05254471,0.622122295,0.530767898,-0.540274902,-0.886009338,-0.104819872,-0.827105908,0.290007155,0.396054661,-0.445595784,-0.043200455,1.024151073,-1.589025641,-0.153882326,0.180798778,-0.293758412,-0.465652525,0.501493194,0.907175477,-1.095198152,0.547741319,0.427704564,0.212855678,1.290766568,0.381506484,-0.69942054,-0.033210457,0.246998526,-0.381643159,-0.166087554,0.230389598,0.028003515,0.351735097,0.15797956,-0.401224128,0.512615736,0.3443774,-0.111394319,0.041112054,-0.121868755,0.062907795,0.03322301,-0.050643664,0.014282374,con
neg1,-1.610846983,0.642237803,1.264702657,-1.886950469,0.573204312,-0.023686594,-0.123014649,0.37032527,-0.150317565,0.205398682,1.111816425,-0.587276534,-0.160424405,-0.159075572,0.411762307,0.56373767,1.253462821,-1.04698478,-0.013924043,-1.144814183,0.834747588,0.184347664,-0.372600938,-0.777597509,-0.491047929,0.075603972,0.211064129,0.207153987,-0.403424283,0.766091668,-0.432474629,-0.160689227,-0.615845482,-0.50108994,-0.230815684,0.001797869,-0.401805635,-0.27247695,0.231605184,0.088062189,0.462983293,0.12381561,-0.128105408,-0.043256284,-0.156831795,-0.106964195,-0.380059416,0.057226759,0.358674846,0.12425798,-0.016832066,0.008626719,-0.035022894,neg
neg10,-1.164023148,2.281326317,-1.121563782,-0.156979497,0.50733785,1.293991013,0.557882488,0.322615602,-0.68943757,-0.27605509,0.345121684,0.245772587,0.70445918,-0.090592499,-0.485363802,-0.406245169,-0.425867977,0.390207608,0.327486674,1.745693298,0.21429104,1.660274892,-1.009316863,0.619970853,-0.619114496,0.384205722,0.061836867,0.343484881,-0.272971897,-1.095289529,-0.369225755,0.667708142,-0.53853851,-0.170693138,0.592022772,0.317511394,-0.459607436,-0.1378024,0.031219133,0.034304738,-0.666863039,0.034598127,0.045939444,-0.243914556,-0.054339269,0.344474673,0.072643013,0.066181266,-0.324516373,-0.069700449,0.104780574,-0.051973156,0.028162728,neg
neg11,-1.953714819,0.794830714,1.391721042,0.929962189,-1.771871085,1.935402973,0.948413078,1.033833898,0.885944467,-1.345324802,0.14493279,-1.462324623,-0.476469126,-1.070585523,-0.550687706,-0.035522321,0.425702294,1.112940517,0.15697698,-0.2049221,-0.079010026,0.919318445,-0.279219809,0.575254391,0.692865948,0.334001512,-0.589399021,-0.872588602,0.297009982,0.345093366,0.440751849,-0.479683749,0.300127879,-1.817861831,0.468918452,0.22344708,0.459173313,-0.45386988,0.239927739,-0.210782363,-0.033328015,-0.10292286,0.069289422,0.264427464,0.062879084,0.336009217,0.013629103,-0.175482329,-0.133174126,-0.045883862,-0.08611268,0.019039298,-0.016784377,neg
neg12,-1.316364067,3.913309359,-3.343174663,3.074420991,-0.525824287,-0.312521903,0.398140262,-4.008763531,-1.112889935,-0.530345763,-0.845567036,1.481434751,-1.226976479,-1.955433373,-0.714070159,2.130622237,0.062568337,1.157335243,-0.213845761,0.58114691,-0.232108351,-0.449036912,-0.854839257,0.726282493,-1.241497199,0.557642058,0.18765913,-0.943032404,-0.419676186,-0.371876642,0.220431491,-0.308116085,-0.449997867,0.992755612,0.430222319,0.26530894,-0.331939515,-0.342615487,0.196779703,-0.089559959,-0.12212049,0.631140608,-0.244503909,-0.055525938,-0.030657115,-0.130409478,-0.038770878,0.067105442,-0.029715274,0.041289526,-0.021567361,0.0591327,-0.071760641,neg
neg13,-1.912428324,3.357398631,-2.647460686,-0.09648011,1.510129662,-0.048341538,1.129985616,0.32113717,-1.70722067,0.261086472,0.148531503,0.329187906,0.996152211,0.607813727,0.679593818,-2.006315515,-0.61627418,0.044747241,0.676468019,-0.21193462,0.2313397,-0.427348173,-0.252131041,1.157352086,0.601966095,-0.737934287,0.286478581,0.56022377,0.631984764,-0.507539099,0.77628098,0.30231777,0.086232528,-0.315472227,-0.105932399,-0.106527159,-0.393508737,-0.417025763,0.269858741,-0.331643293,0.209074209,0.392218768,-0.114354811,0.010611622,-0.375629321,0.385252741,0.051111824,0.044122615,0.253302905,0.064146307,0.088611748,-0.0165037,-0.059009504,neg
neg14,-1.302594929,1.632379269,-1.222346343,-0.273154506,1.29856827,1.935615174,2.715340784,1.567371858,-1.096772894,-0.019049259,1.91216442,-1.713469536,0.824881399,0.509176503,2.211631669,0.976403203,0.489179782,0.49237036,1.029543583,-0.72872016,2.032708507,-0.538873619,-0.690796475,0.11180044,-0.003025618,0.508312853,0.030630213,-0.202492669,-1.138685014,0.478472564,0.742763956,-0.255491112,-0.109625692,0.521355229,-0.135756394,-0.20951819,-0.59519562,-0.070515082,-0.106801997,0.390919419,0.21467355,-0.158441894,0.20401196,-0.096331346,-0.228625159,-0.547634808,0.204169584,-0.121119481,-0.275073869,-0.005759485,-0.102827598,0.14080283,-0.001827065,neg
neg15,-3.870187868,0.785498632,-0.680646863,2.892207809,0.574160134,-0.118074496,-2.263700508,0.524096982,-1.06380001,1.800539581,-0.493979597,1.251762323,-1.89749878,0.429099126,-0.063719731,0.080387724,1.095218518,-0.28047703,1.565542063,0.254791036,-0.31317648,-0.27792257,-0.726630761,-0.084968244,0.623250709,-0.963975071,-1.516735091,0.060715413,0.072388257,-0.568056589,-0.636766661,-0.659283135,-0.368633765,0.318994256,-0.101285617,-0.06057423,-0.251815198,-0.030911914,0.563710612,0.721108421,0.369560071,-0.00951006,0.069271826,-0.219184479,-0.301851689,0.225461394,-0.076945896,0.120402712,-0.058310081,1.09E-05,0.026512213,0.013208245,0.004267581,neg
neg16,-2.0762366,1.192599657,-1.698921787,0.163447572,0.781009157,-0.597517101,-0.713766829,1.199744131,-0.039090015,0.191514627,-0.658773532,0.103077391,0.495043292,-0.16760199,1.417732849,-0.978790139,0.316595917,-0.735593974,0.701312258,0.333492889,-0.071571151,0.562846544,0.646123862,0.398150355,0.231278047,-0.603613833,-0.156353816,-0.013945285,-0.083413374,0.262879496,-0.226800934,0.039115909,-0.066338507,0.01287038,0.127505001,0.202982857,-0.069193755,0.032800256,0.035460738,-0.303817615,0.165324401,-0.437200809,-0.135469097,-0.049796957,0.413764325,-0.057585845,-0.345507033,-0.111472324,0.280455963,-0.007384401,0.000612129,0.108038589,0.03270849,neg
neg17,-0.907633925,2.526055989,-2.112603871,0.710556556,0.482746561,-1.875655084,-0.694590894,1.264566042,-0.571499788,-0.684685801,0.353922976,0.312644618,0.707323985,-0.205300391,1.702789221,-0.191390505,0.500397627,-0.472252514,0.293887237,0.69711042,-0.008461617,1.061952045,1.091348369,0.093688692,-0.552774147,-0.387868684,-0.026937742,0.429358091,0.771122265,0.688046033,0.145945534,0.949938437,-0.31401239,0.060938753,0.435660711,-0.021022323,0.127070822,-0.052152759,-0.453090436,0.056581753,-0.065001683,-0.063765887,-0.110144697,-0.034953567,0.094979088,-0.360251531,0.077663167,0.720366724,-0.225075728,-0.197750596,0.065832185,0.013982392,-0.030287097,neg
neg18,-2.245642817,1.879523821,1.887391787,0.045090141,-1.164325842,0.241073391,-0.924620602,-0.70955542,0.161310117,0.793781501,1.514024597,-0.574810942,-2.292959433,0.359790477,0.142356658,0.83869602,-2.298140607,0.446309355,0.918094198,0.096346669,-0.470058959,0.443161344,0.085452288,-0.693068008,0.065206055,1.053497964,0.233707346,1.109033207,-0.465635712,-0.255845025,1.161790984,1.080327127,0.522301178,-0.696485282,-0.067416561,-0.015377383,0.105089194,0.155450513,0.595333545,-0.065124256,0.421628829,0.238343356,-0.114413734,0.003107353,-0.430586133,0.059853327,0.122399256,-0.138863094,-0.095020128,-0.015307326,-0.171148566,-0.028389587,-0.035480152,neg
neg19,-2.577825528,2.053926406,0.447064369,2.457642985,0.280921832,-2.065181893,-2.567449261,0.57103203,-1.496027981,2.821677622,1.166582355,2.002010484,-1.585720976,0.900358974,-0.587464579,-0.369133349,0.951152685,-0.441178377,0.310174131,-0.938249151,0.293688341,-1.074137258,-0.140193046,1.335112644,-0.046691067,0.465637448,0.600211965,-0.122666425,0.186775306,-0.117970137,0.364673946,0.704867265,-0.409435705,-0.404227338,-0.121634052,0.067543062,0.498925623,0.415567683,-0.765700232,-0.176131941,0.178005881,-0.778714493,0.113969582,0.246348035,0.183585802,-0.085597454,-0.063642461,-0.084722824,-0.066018306,-0.013145764,-0.019795912,0.015666334,0.042493022,neg
neg2,-1.982409485,0.892160471,-0.640096454,0.440280771,2.42274135,0.140780473,0.005188925,-0.205350669,0.606402962,1.001596485,1.704095928,-0.227854593,-0.400116038,-0.618358668,0.420746359,0.596136475,-0.542374309,-1.37863686,-0.094866877,0.984349014,-1.803035348,0.349439266,0.00512076,-0.229168208,0.179816313,-0.639456157,-0.609280558,-0.064713289,0.643115955,0.763657114,-0.077613362,-0.682201112,-0.806555709,-0.273530228,-0.13323188,-0.5720042,-0.241564057,-0.150753781,-0.40166626,-0.272860393,0.33704667,-0.255758776,-0.130754997,0.059951779,-0.204843935,0.051546754,0.108665417,-0.171069086,-0.059894381,0.096512572,-0.05304003,-0.071180925,-0.034361153,neg
neg20,-2.58839317,1.084443724,2.038322407,-0.690566839,0.80941855,-0.883257993,0.649240322,-3.225313552,-0.738222364,-0.428483743,-0.093955018,-0.39951284,-0.290758387,-2.575237089,0.515365056,0.502820428,-0.828707891,0.708445143,-0.630244688,-0.992882039,-0.329319488,0.398954668,0.136571699,0.971460568,-0.155120727,-0.131518577,0.568410089,0.551344946,0.366466585,-0.214525211,1.073295348,-0.51757685,-0.301938995,0.19185364,0.812986736,0.280974375,0.311325897,-0.075066883,0.207619764,-0.247139033,0.131417302,-0.456824127,-0.365040999,-0.108414038,0.349085504,-0.023848374,0.061420207,0.178434872,0.270598668,-0.036445396,-0.033985555,0.208725094,0.024367809,neg
neg21,-0.968757186,2.996958659,0.722295791,-3.489771883,0.350215451,0.253096533,-0.407174439,0.540297356,1.0821396,-1.176048608,1.438764201,0.05954261,-0.099156869,1.815793176,-0.335066371,0.745141117,-0.682016215,0.636516313,-0.675312385,-0.581058167,-0.014434486,1.318430925,0.737041549,-1.509009464,-0.191553209,0.299113965,-0.45164314,1.112412325,-0.138924411,-1.26333649,-0.247607073,-0.062299633,0.313541784,0.821902677,0.756939245,-0.425024997,0.081055733,0.43076206,-0.630170773,0.176451564,-0.261456784,-0.354953551,0.372824727,-0.077959469,0.125847627,0.100535393,-0.289883302,-0.078620398,0.12328376,-0.050228293,-0.14395201,0.063819839,-0.090209145,neg
neg22,1.81862595,2.71701734,-4.131060577,-2.100299977,-3.009624968,0.633414407,-1.519207576,2.1568499,-0.73002902,-0.022712675,-1.689129642,-2.215274114,-1.23827753,-0.112325755,-3.396868216,0.422577534,2.037631959,0.407330526,-0.857990042,0.135735329,0.795965261,0.735977608,-0.559167599,0.454543415,-0.542537522,-1.005023952,0.253646869,0.711495393,-0.257038535,0.178324307,0.370453381,0.116673765,-0.060735582,0.241342111,-0.397646556,-0.347062235,0.757789768,0.543156275,0.520001054,-0.746264596,-0.060146853,-0.135824161,0.440414032,0.192255149,-0.162709277,-0.057232696,0.100295894,-0.295744691,-0.159149707,0.097365732,0.082528448,0.026317909,0.003898704,neg
neg23,-2.209204654,0.93339444,0.999850758,-2.336594804,-0.989040172,-0.749613169,-1.212151439,0.260252234,-0.207754533,-2.144627817,-0.577255343,1.265692397,-1.427052464,1.941114298,0.355917978,0.146570831,-1.332218997,0.974118161,0.59214713,-1.183668855,-1.647073401,-0.196543505,0.770247213,-0.340379314,0.299591671,0.601415159,-0.676474221,-0.800099457,-1.322712761,0.373815111,0.321299603,0.078725353,-0.300560934,0.079725278,-0.591493448,0.248537678,-0.347608025,0.204739734,-0.298420637,-0.07210882,0.11483299,0.18600255,-0.011264251,-0.00236884,0.098668751,-0.305631415,0.211288045,0.053381249,-0.125898098,0.020443231,0.061031896,-0.120008768,0.008598737,neg
neg24,-2.139323836,2.802120821,-0.074868882,-2.642724652,0.412712973,-0.586791565,-0.887627888,-1.395091897,0.930278419,-0.919983326,-0.536397381,0.506680253,-0.191672822,1.048236613,-0.962130244,-0.232162745,-0.572053363,-0.07408335,-0.07605859,-0.905157987,-0.353932689,-0.333047526,0.910332083,0.772286424,-0.730627295,-0.056721881,-1.179316452,0.006161695,-0.839310545,0.23038598,0.035599553,-0.303610261,0.002493317,-0.93325089,-0.032055918,1.191677905,-0.389132621,-0.731502554,0.068531195,-0.425678559,-0.05056988,0.237459451,0.307452419,-0.142376588,-0.081081719,0.414156725,0.059909914,0.184246462,-0.026746974,0.219135515,-0.122871386,-0.015289129,0.094028192,neg
neg25,-5.357798925,0.878745892,2.253358006,3.084818423,0.164979519,0.942029462,0.196766032,0.184942328,-0.888691119,-0.772412152,-0.118915466,-0.585296434,-0.230165172,-1.318987706,0.345567371,0.827328746,-0.333385344,-0.662684339,1.073503571,0.51082878,-0.544328369,0.937166488,-0.113223564,0.208349434,-0.102059486,-0.667819162,-0.12163036,-0.824840045,-0.183937607,-0.316679774,0.468628542,0.581388293,0.893395583,0.064999722,0.363349927,-0.161320265,0.909186881,0.42858993,-0.115425803,0.010578088,0.386853014,0.235974537,-0.044160965,-0.145045662,0.184859923,0.018054655,0.048956593,0.147051982,0.109633894,-0.156569753,0.134977449,-0.090039374,0.11322073,neg
neg26,-2.738583265,2.960904201,-1.428458158,1.47243117,0.556122137,1.144316861,0.3593248,1.259360233,1.057395804,-1.527620582,0.053594253,-0.062582175,1.235620246,0.964969515,0.048905172,-0.708075207,0.220409007,-2.337248271,0.116367335,-0.797511889,0.165129124,-0.560968396,1.149140818,-0.562715185,-0.286575091,-0.458853448,1.154192813,-0.60893774,0.324594026,-0.491493643,-0.546278955,0.57430606,0.989905132,0.562732559,-0.454102497,0.357769247,0.002056129,-0.29673046,0.163983547,-0.182234503,0.102579635,0.213709537,-0.206651192,-0.018960034,-0.255728304,0.084237803,0.100477461,-0.221096482,0.057961177,-0.044870581,-0.095716285,0.05426534,-0.006789914,neg
neg27,-2.369207526,2.079660944,-1.943584087,1.873448904,1.17046892,0.721224014,-0.458474397,1.129871898,1.235345169,-1.386927212,-0.746981182,0.471967138,0.020646058,-0.164858924,-0.150936389,-0.272974793,0.914074135,-1.821269909,-0.0464536,0.086389715,-1.139054802,-0.181600861,0.945407515,-0.146124677,-0.745593267,-0.484248701,-0.573513988,-0.658572592,-0.10373924,-0.127868724,0.264182467,-0.660142372,-0.005918684,0.292400929,-0.540051489,0.002551604,0.036593977,-0.381518466,-0.08021271,0.00089471,-1.025086188,-0.090314145,-0.38751645,0.191568602,0.187766994,0.046458615,-0.067223605,-0.211798346,-0.095665496,0.091532612,-0.206102307,-0.021729549,-0.058407331,neg
neg28,-1.337919007,2.889053611,-1.582472618,-2.216625631,-1.431478628,0.651384596,-1.661779509,-0.061056267,1.66681304,1.520500634,0.589639401,0.624505346,1.509589591,1.393966849,-0.367241976,-1.603307146,-1.854071757,1.559856613,-0.473890899,-0.416875081,0.329200996,-0.512315952,-0.96553178,0.452015293,-0.2897874,-1.304532648,-1.49038529,-1.304322579,-0.071454493,-0.017304711,-0.088514599,0.858832457,-0.377722485,-0.505995201,-0.256011521,-0.539815085,-0.068616447,-0.427621262,-0.263745536,0.366675032,0.384376254,0.406846422,0.249003234,-0.085183437,0.092482498,-0.219176479,0.009843629,-0.169207867,0.00634329,-0.296059074,0.019863386,0.074349902,0.001644058,neg
neg29,-1.870194617,2.331011736,0.698615988,-1.791362821,-1.173518261,1.403690997,-0.425603134,-0.131344983,0.271605605,0.131479323,0.103066522,0.495775492,1.717194254,-0.574327136,-0.100301945,0.107183,0.278937498,0.199943515,-1.046406953,-0.575124582,-0.454751655,-1.912586862,-0.184514271,-0.985528944,0.551098011,-0.745317372,-0.533957575,0.475386786,0.811377204,-0.530410562,1.140347255,0.292301996,0.137804369,0.544451985,0.177046884,0.137352622,0.215745244,-0.559435365,0.373917707,0.010994779,-0.442646504,-0.322694434,0.111088868,-0.073864124,0.191915459,-0.215988959,-0.041657628,0.037925676,-0.055857167,-0.048975782,0.035208962,0.094618344,0.077795511,neg
neg3,-1.73678213,-0.41786566,2.412769796,-4.581131323,0.533596831,0.328358118,-1.60639953,-0.423688488,0.600757108,0.361981721,-0.357500015,0.77550171,-0.764937068,-0.605810773,0.240990994,0.755492631,0.904982052,-0.067037323,0.636126134,0.841465188,0.605960449,0.103594297,1.121522499,-0.03224113,-0.996871448,0.21255222,0.810536377,-0.738328163,0.502246494,-0.079144355,-0.645948703,0.471320022,0.325803689,0.117225389,0.007960908,-0.048009311,-0.181001066,0.272068182,0.178098516,0.173075247,-0.187936847,0.197591274,0.300782473,0.172356057,0.075545191,-0.372096373,0.166974179,0.020524741,0.36508363,0.076565019,0.027519705,-0.073320112,0.038929301,neg
neg30,0.770648905,3.81713549,-1.204340865,-2.570613519,-2.30828751,0.409252544,-0.731570549,-3.769409811,0.903963901,-0.188270176,-2.391078695,0.269196793,-0.974181274,1.331462812,0.857193298,1.692271972,-0.037526972,-1.672546377,-0.831945689,1.029233645,0.868277063,-0.696552976,-0.86993597,-0.205762425,-0.166026628,-0.815977555,-0.10292283,0.449891145,0.730237987,1.460521163,-0.640496417,0.364263045,0.300983548,-0.427378759,0.128934544,0.368385957,-0.11871636,0.564995912,-0.351187634,0.205844041,0.122283639,0.328392972,-0.624259856,0.169195307,0.037789429,-0.01705999,0.185140302,-0.135608605,-0.025546881,-0.138043417,-0.030761069,-0.009924819,-0.036681736,neg
neg31,1.336508255,2.152052539,-3.813369777,-2.719395298,-0.288006461,-0.431531329,-0.420735731,-0.635391025,1.814053611,-1.933247976,1.833550301,0.049852474,0.595025381,-0.120373424,0.281595362,-0.338401194,0.490793384,0.044957935,0.588440314,1.565981207,0.864954584,-0.41968555,1.782117489,0.214825047,1.216334475,-0.639844781,0.324741505,0.811471261,-0.036384568,0.17932938,-0.127708461,-0.451596446,-0.423725896,-0.306880829,0.249776234,-0.340059958,1.336096815,0.085769499,0.27581349,0.49009906,0.634188879,0.08569395,-0.376624951,0.037434939,-0.237400181,0.064676408,-0.10679936,0.170444349,-0.111917255,0.038523912,0.001811699,0.009939961,0.036518469,neg
neg32,-1.212006681,-0.731542335,4.389318758,1.640657738,-4.607147844,2.402972971,-1.92606072,0.400272289,-0.989036882,1.615022345,-1.210193237,1.808178322,4.799042522,-1.687198966,-0.175147892,-0.289845379,1.109297923,-0.157865167,0.02429487,1.21714406,-0.967201922,-1.092433031,0.297025572,-1.028822517,0.386239302,0.524535048,0.53949165,0.345895493,-1.019935808,0.614736526,0.465495953,0.613357133,-0.906460014,-0.180513886,0.19811688,0.035740421,0.078152308,-0.002796865,-0.153902046,0.108062698,-0.01211887,0.01583997,0.037162941,0.079278074,-0.290377976,0.066675307,-0.062306819,0.005425138,0.112946644,0.113269552,-0.092564767,-0.007662205,-0.040334576,neg
neg33,-4.715327389,3.00618434,0.273792731,2.398996401,-3.195471367,1.573578385,-0.172935565,0.670657596,-0.679397153,0.799632864,0.931075451,0.965916034,2.492312287,0.623420777,0.547803955,0.930532334,-0.631749898,1.319758234,-0.018404613,0.413138888,-0.280686141,-0.467236229,-0.298320444,-0.048666689,-1.2096951,0.051032811,-0.280903935,0.728001567,0.566478147,0.292844636,-0.907056286,-1.133122766,0.996337253,0.076976688,0.015547138,0.326341294,0.222332813,0.418065708,0.063821653,-0.353017042,0.066992769,-0.014788922,0.335498357,-0.149000543,0.01825241,-0.055762486,0.072850736,0.071548091,0.17358866,-0.037126084,0.053953148,-0.1025986,-0.061301203,neg
neg34,-2.511352577,2.749956574,0.259812512,3.889685257,-0.790214936,0.00656588,-0.949839263,-0.442449783,0.474251067,-0.838243746,0.560992019,-0.41051716,-0.890217198,-0.385372125,-1.473099398,0.385819709,0.143823308,-0.305764313,-0.608228071,-0.29270766,-0.4671213,-0.328641116,1.135186584,-0.287912426,-0.138046938,-0.277615897,0.74212545,-0.452643252,0.60310333,-0.513993312,0.412113483,-0.007114219,0.041146518,0.334161068,-0.700213666,-0.220777482,-0.191183337,0.143157802,-0.377816241,-0.168676837,0.107919117,0.330419176,0.176668403,0.18948266,0.441979484,0.163341887,-0.092884153,-0.012898006,-0.210421993,-0.021317902,0.015974172,0.084391782,-0.004384193,neg
neg35,-2.175688261,-0.425832521,1.553849336,-3.66305134,-1.200573533,-0.802538334,1.989742529,0.226941695,-0.341510593,0.780434062,0.383826984,0.334545081,1.559619411,0.631403383,-1.511959184,0.252948635,-0.010300149,-0.912756516,1.059723363,0.519823019,0.751477747,0.757250194,-0.471279165,0.871154079,0.323588822,0.180952319,0.745817707,-1.053587064,0.492115244,-0.800003772,0.35523251,0.259044317,-0.844854997,-0.06222569,-1.017401167,0.195713495,-0.182715942,0.0378434,1.012731034,0.503716556,0.289141999,0.205099078,-0.30239857,-0.050624399,0.562201194,0.113940211,-0.249734185,0.000690269,-0.008789336,-0.046160217,-0.064578536,0.035241285,-0.037767324,neg
neg36,1.861009996,1.529133081,-1.838539085,-2.818164468,-0.905722637,-0.356343506,-1.411581083,0.835400751,-0.229316041,-1.620885767,-0.196383685,1.631420861,-0.260601356,0.272412832,0.144840584,-0.004800114,0.303881438,-0.906715067,1.130041485,-0.748127845,-0.093433218,-0.220708447,-0.84833664,0.069584555,0.304408135,1.903118054,1.002788282,0.218460439,0.298016231,0.276816784,0.464972863,-0.818544629,0.832779094,0.030610787,0.013263403,-0.160663567,-0.259125727,-0.177172494,0.001751575,0.173906554,0.229749279,0.065222014,0.03074241,0.492112301,0.309598015,-0.215466218,0.167896754,0.067731002,-0.236100136,-0.035334517,0.097564653,0.060320488,0.061826223,neg
neg37,-3.567697014,0.766430837,2.641160651,-2.841410402,-0.361352194,0.017101042,-0.112897876,-1.447376761,0.536291102,-0.243233284,1.23418444,-1.387769114,1.8418778,-0.646308324,1.127203047,0.473678748,-0.428087811,-0.11552301,-0.943555681,-0.738999774,-0.087945027,-1.347886507,-0.217171482,-1.032873996,-0.275236048,-0.175666426,-0.309690332,-0.024064931,-0.040259964,-0.367287295,0.331802369,-0.906452894,-0.399120078,0.319370757,0.00054325,-0.033626766,-0.297398637,0.344077983,0.128202442,-0.214375894,-0.047233219,-0.394998722,-0.24465446,0.098478763,0.133236571,0.187171688,0.061521315,-0.122890095,-0.451424372,0.004409891,0.189543512,-0.094181716,0.058006485,neg
neg4,-1.934211284,2.323148812,-0.653303797,0.304248128,0.863773947,0.71582533,-0.381077029,0.566882504,1.244997993,-1.844290095,-0.745098679,-0.998679616,0.018454765,0.165982682,-0.814748609,0.569972564,1.967192354,-1.803583414,0.674613522,-0.64131327,-0.41468148,-0.024189739,-0.215694015,-1.257130141,0.491450944,0.942416071,0.380657889,0.190506403,-0.154388171,-1.123972109,-0.376780717,0.15674155,-0.742809396,-0.555808256,0.651868585,0.135156601,-0.239268017,-0.313907041,0.239240645,0.27622484,0.236453094,-0.201293799,0.466968456,-0.361985623,-0.207185675,-0.074740672,0.384913849,0.259486486,0.07495424,-0.002791858,0.066397789,-0.011483431,-0.068176233,neg
neg5,0.306425638,-1.374165499,2.793656905,-1.311534865,-0.253727923,0.65505374,-1.016715911,-1.330543061,0.848159916,0.728351287,0.254616426,-0.619158046,0.294441791,0.394933655,-0.007983844,-1.432429677,-0.937177626,-0.045737504,1.018923189,0.014420407,0.721150273,0.549172527,0.320006268,1.193121107,0.130431401,-0.606768545,-0.103400687,0.187776995,-0.308505258,-0.532537203,-0.642028542,-0.735292475,-0.513706485,0.774149942,-0.577102174,-0.360392616,0.225625538,-0.098905053,-0.36579187,-0.147668246,-0.278105159,-0.022642171,-0.11993121,0.140829424,0.263544153,0.083592886,0.743779545,0.108903056,0.233079154,0.041327165,-0.014391837,0.039707552,-0.045397577,neg
neg6,-2.526064604,3.330529038,-0.989250977,-0.001945668,0.236296535,-0.773523072,0.706306392,-0.106833283,-0.337118549,-0.811700573,-0.324016126,0.156529953,0.982150541,1.45926259,-0.723870451,-0.965677588,-1.080620102,1.869272645,-0.569208368,0.467448593,-0.352027551,0.605703807,0.17266384,1.164514919,1.043681086,0.77155452,0.387237403,0.873515421,-0.363987104,0.128149795,-0.430250956,-0.714613572,-0.69011665,0.392200098,0.318010584,-0.946154157,-0.201082412,0.602267048,-0.179728301,0.162147967,-0.013117367,-0.030760792,-0.290207688,0.285408553,-0.14988906,-0.064480471,-0.345076176,-0.212182348,0.159104224,0.127517078,-0.090545736,0.003522758,0.024190391,neg
neg7,-1.990789029,1.603154431,-0.427250679,-1.718920453,-3.905549861,-2.459239467,2.753789335,3.505811879,-2.886290619,0.230945707,-0.891536173,-3.417940444,-2.446271903,-0.379406804,1.559843337,-1.348532445,-0.148923856,0.658957827,-1.486761457,0.829965944,-0.951324237,-1.426297131,0.48196087,-0.039988749,-0.542126155,-0.049441787,0.175798059,-0.552465586,-0.613890819,-0.539578173,-0.573573332,0.139786555,-0.414313565,-0.323594811,0.031764347,0.607354986,0.045316614,-0.235413873,-0.211586241,0.657333115,-0.162447974,-0.287613284,-0.332241659,-0.141414536,0.314511811,-0.182906123,0.047763547,0.05720995,0.035618468,0.037057465,-0.035429316,-0.078315694,-0.052434759,neg
neg8,-2.734463853,1.104270715,1.558395822,0.609281836,-0.465802994,0.493530458,0.388300324,1.658395356,-2.236985884,-1.098585435,0.317883673,0.299511277,-1.438561215,-1.360872826,-0.136294161,-0.665639516,0.103659397,-0.272148145,-0.074128066,0.667605591,0.662567693,0.978776886,-0.784589668,-0.328796229,-0.393246403,-0.554683738,-0.057628622,0.799449381,0.582441789,0.944160658,0.914501707,-0.847662032,0.158278499,-0.011327152,-0.022318025,-0.086889725,-0.074015963,-0.801151583,-0.846448002,0.140953413,-0.076520456,0.353711646,-0.110044951,-0.027945195,-0.300269576,-0.013384117,-0.088312315,-0.033722951,0.177160513,0.018510419,-0.03742364,-0.016765364,-0.033019492,neg
neg9,-3.065278765,1.608666035,-0.317753415,0.706959901,-0.417059553,0.295600407,0.615357871,1.16861787,-2.027143041,0.03855294,-0.131404743,-0.107899592,-0.139329144,1.494874728,0.279296104,0.347800666,-0.469773093,1.172800208,1.170619548,1.206416375,-0.017246859,0.310827903,-0.247739016,-0.358980258,0.032531764,0.365521802,-0.165981711,-0.630018614,0.409256849,0.19102252,-0.256509228,-0.230148618,0.826299814,0.506097988,-0.326225672,-0.072547093,-0.089906122,0.253515653,0.547855598,-0.21445431,-0.614186527,-0.522918792,-0.273463469,0.291567564,-0.265546028,-0.052251653,0.255006761,0.018207638,0.178918151,-0.136396947,-0.001830693,-0.024295104,0.074404566,neg
pos1,0.070071487,0.605494064,0.433004223,-2.511158002,1.234240306,0.276928665,-0.55803128,0.604348409,0.356933685,0.475352065,-0.585677961,0.621708699,-0.385068235,-0.325796319,-0.536248568,-0.145819583,0.570611212,1.080839782,-1.328969405,0.535385338,-0.655165103,1.046891414,1.59765576,-0.560746409,-0.449608022,0.870978749,0.641733613,0.452440484,0.012539041,0.653462304,0.168932703,-0.682934506,0.124603341,-0.669580798,-0.711905052,0.020785546,0.191947878,-0.049375712,0.422074402,-0.220423692,0.256057144,0.129976769,-0.035403065,-0.481942219,0.061076421,-0.367849918,-0.236832598,0.023339858,0.174571139,-0.209904467,0.062295273,-0.04452772,0.039185325,pos
pos10,-4.788621949,-2.235506582,-0.989559391,-0.523513968,-3.12953738,-6.086001102,6.179119398,1.288152424,4.618478076,1.113685539,-0.960868388,3.251355529,-0.056614601,-0.454632994,-1.066942488,0.350501139,0.494069395,0.090550494,1.199210474,-0.163228598,0.345407546,0.047127235,0.032104702,-0.573431297,0.108411078,-0.603104991,-0.176111804,0.122855032,0.049074247,0.210682002,0.385246597,-0.227755551,0.139626358,0.183112283,0.557053185,-0.220055317,-0.080379797,0.222925505,-0.092843601,0.063680324,-0.295893775,0.108689261,0.143375725,-0.020146472,-0.239528024,-0.016556261,0.160535516,-0.063336702,-0.074590064,0.050759885,0.058511086,-0.00560784,0.005359659,pos
pos11,2.373868779,-2.525794886,-4.22224251,-2.287568721,-2.4360789,-0.867451478,-2.738779742,1.015691171,1.41447272,2.688829236,-2.181259525,-1.406633434,0.046654458,-2.358104995,1.901904892,-1.237707963,-0.576652087,-0.790019565,-0.258285772,0.997754355,-0.571041084,0.847347934,-1.195561016,-0.558581284,0.81773186,1.120446728,-0.745832576,0.249221977,0.058999801,-0.894733083,0.458769594,-0.467100518,0.756719321,0.421549942,-0.316642451,-0.197955917,-0.214779791,0.1038401,-0.380726153,-0.182325309,0.181643268,0.306093033,0.056382953,-0.041853565,0.102499673,0.15438261,0.059134222,0.224925558,-0.047038109,0.161484472,-0.092331849,0.06357601,0.055778916,pos
pos12,-3.001215027,0.347408137,-1.300056349,5.331773481,-1.395543955,-0.490322107,0.085095227,0.430699991,4.884098361,0.214081349,2.026565913,-0.767567177,0.04932378,-1.160808241,0.752501341,-0.185522184,-0.947963778,-0.290574936,-2.213333895,-1.098382611,-0.244004226,0.025434172,-1.030141397,1.064274503,-0.991239333,0.320661548,1.149185155,-0.088900982,-0.581363972,0.000457824,-1.180706256,0.551541363,0.144740442,-0.5887979,-0.473307441,-0.504361442,-0.119258305,0.273420454,0.306611175,-0.077098043,0.004361857,-0.346511928,-0.078438606,-0.19452185,-0.144891231,-0.15083837,0.125219628,0.140856293,0.19610461,0.055090485,-0.017950935,0.050491747,0.036870739,pos
pos13,-3.521239973,-1.283632103,-0.00384743,0.28517364,1.984239873,-0.706697612,-0.538748781,-0.196559998,0.19114338,0.258150778,-2.250800852,-0.678047288,0.383722242,-0.897150161,-0.275221759,-1.012107524,0.831320746,-0.751963225,-1.200573738,-0.926664713,-0.236580251,0.452888146,0.035322988,0.474745737,0.814574062,0.475285428,0.180114571,0.159510118,0.004602982,0.239425517,0.435947951,0.331425256,-0.078570379,0.71401105,0.242426472,-0.030141843,-0.423664863,0.206841927,0.107271413,0.514366698,0.103779259,-0.041865777,0.038215847,0.453396786,-0.03098358,0.060889804,0.299115814,-0.35830197,0.128936597,-0.360147339,-0.176567005,-0.137528064,0.005672633,pos
pos14,-2.038222746,0.238961225,-2.172120494,1.821806865,2.706424029,-1.093799326,0.137360205,-1.310184645,0.183753708,-0.491621491,-0.038491149,-0.690186781,1.043827472,-0.574654336,0.111368428,-1.272344458,-0.155506221,0.668382694,-1.586097463,0.729545517,0.255534312,-0.300728695,0.439247734,0.084431461,0.031611077,0.748691113,0.619319285,0.362535948,-0.108019829,0.317064548,0.149341649,-0.110232836,-0.020881055,0.504259766,-0.109332246,0.257924278,-0.653033444,0.358568555,0.352886687,0.207598561,0.495806929,0.103579123,0.12004583,0.215139526,0.033533873,0.099333687,0.17805745,-0.123719917,-0.15084479,0.132129877,0.157198868,-0.156730711,-0.041520069,pos
pos15,-1.43379079,-2.348678271,0.869548656,0.403089063,1.365475741,-0.044384944,-0.308442589,-0.965671371,0.953178809,0.683320284,-0.437105441,-0.455958654,-0.822126169,-0.193648725,1.034864497,0.090045498,0.507330728,-0.064762369,-1.341223225,0.309728059,0.435480974,0.435027969,-0.239534398,-0.762110924,0.493424883,-0.197552515,-0.255785467,-0.454058718,-0.646956117,-0.287513351,0.506857316,-0.219623125,-0.065582964,-0.163254431,0.1534737,-0.47542405,0.080555074,0.317563097,0.142266399,0.006733752,0.175934547,0.436472375,0.388859801,0.147537471,0.126280427,0.268074407,0.231276666,0.288394736,-0.056597016,-0.239988751,-0.115586121,-0.032220696,-0.038362043,pos
pos16,-2.767805231,-3.372679894,-0.065321873,1.705759008,1.677811027,0.412863579,1.340487953,-0.177973032,0.105248836,0.068292201,-0.541795032,-0.997358677,2.085207439,0.729255242,-0.771520917,-0.13015531,-0.695208985,-0.138966083,-0.257976868,0.257604141,-0.07995824,1.298306648,0.242831234,-0.494628989,-0.131728039,0.16231851,0.084858722,-0.567739095,-0.153818776,0.366029913,0.429264606,-0.24241452,0.914302811,-0.369865948,-0.196467575,0.65767382,0.463694887,-0.108373115,-0.652633722,0.490590617,0.181118055,0.011075926,-0.276771734,0.264455432,0.000480897,0.116529997,-0.055884409,-0.370903144,-0.075996761,0.048656828,0.208555961,0.06460261,-0.038201097,pos
pos17,-0.757275609,-6.048115394,0.243595671,0.928332489,-1.924785493,0.535650586,-1.04509852,-1.174214046,-0.698474605,0.170008837,-0.76577134,-0.202161968,0.024104978,1.162935326,-0.731262664,0.154528542,0.119416628,0.070166236,0.359924083,-1.451298992,-0.164599527,-0.585295903,0.605915887,1.052166808,-0.714822146,0.063039017,0.636716786,0.33306454,0.346077256,-1.158560755,-0.095734243,-1.072153791,0.213582026,-0.295612464,-0.31316143,-0.941160349,0.310644475,-0.653264513,-0.393032488,0.416778214,0.017980589,0.131806337,-0.211937397,0.263871764,-0.291558047,-0.141666843,-0.20952544,0.115864755,-0.149247984,-0.137710179,-0.029231698,-0.080309698,0.013976357,pos
pos18,-0.529601864,-5.203826653,-2.906791924,0.821204191,-1.281770095,0.89268708,1.762710567,0.458810415,0.433207927,-0.924848663,0.398474182,-1.465563817,0.858490223,1.215880185,-0.313701437,1.756718917,0.516066439,0.556301761,0.92253369,0.18765866,-0.383205665,-0.767318238,0.656425568,1.200066946,0.093646304,1.01568754,-0.371206552,0.646900198,0.654488626,0.082491984,0.440627679,-0.237540158,-0.643147183,0.417507797,-0.736139666,0.760377533,-0.107077269,0.168389488,-0.140851832,-0.333154787,0.376160656,0.018437514,0.443304532,-0.218602347,0.297665422,0.357559666,0.149475866,0.16357821,0.288977301,-0.163264368,-0.029438351,-0.010626511,-0.009348391,pos
pos19,0.574570463,-3.253051541,-6.773282792,-2.256018647,-0.311964496,0.400163088,0.837101531,-0.148943813,-3.093939535,2.64702778,1.449616139,-0.300158371,1.840924343,1.106264436,-0.150167179,1.340717117,-1.225229686,-1.49888693,-0.437823798,-2.12098294,-0.642464452,1.291851175,0.27271604,-0.253879059,-0.285080293,0.158497644,0.510327347,-0.885305675,-0.007190775,0.126070665,0.330132769,0.58012445,-0.16709148,-0.168667,0.732433283,0.322143576,0.290448998,0.291750177,-0.107685116,-0.268316878,-0.376916792,0.235530727,-0.205340937,0.166317818,-0.171378804,0.036197465,0.00688935,0.172988748,0.088018856,0.16857367,-0.040022526,-0.067774042,0.058775477,pos
pos2,-0.930038151,1.701144112,-1.144743739,-1.37401649,1.022889234,0.826184581,-0.564739504,0.069287135,2.590292862,-0.111773648,0.333365708,-0.513796253,0.164096957,-0.715431061,0.13737577,0.094447681,-0.166651274,0.032411435,-0.097366312,0.15688101,0.209123487,0.818558939,-0.701428372,0.373599911,0.106998013,0.199140515,-0.114964963,-0.097229662,0.309924348,-0.245605185,-0.155237078,0.154767908,-0.293447537,0.047312249,0.413356313,-0.113100774,0.096771699,-0.633364632,-0.532274638,-0.057690579,-0.289511612,-0.173597635,-0.010828786,-0.200035732,0.020889133,0.16176272,-0.298940728,-0.074926377,-0.024738261,0.019109588,0.088632884,-0.165683003,0.070976662,pos
pos20,-2.569049054,-5.794894084,-0.673001067,0.707348462,-2.065353531,-0.42638599,0.401185459,0.222056108,-1.785617731,-1.836104709,-0.215651008,2.3786832,-0.773416176,-0.327728688,1.011065303,-2.043293844,-0.672635541,-0.3806765,0.03528886,-1.258813438,-0.034435203,0.094390655,0.499824332,-0.424591199,0.354998973,-0.354223993,0.462269739,0.77516309,-0.896710587,0.49589815,-0.716108241,-0.081933548,0.327012717,-0.132582377,0.66541805,-0.177999846,-0.176300974,-0.259546987,0.265763805,-0.922759796,0.021715305,0.333952568,0.131945822,-0.232168675,0.206298162,0.053874436,-0.033851778,-0.143092965,-0.119497542,-0.180918045,-0.032027332,0.06996666,-0.026649696,pos
pos21,-0.25945672,-5.736539511,-2.13967033,-0.65467548,1.135192877,1.63579377,0.539243193,-0.699820997,-0.186603839,-0.732015918,0.154829786,-1.37155939,0.406723914,0.272247118,0.417955823,0.350739968,0.507011574,0.419298703,0.304392407,0.813651834,-0.202298096,-1.428098383,0.694679595,0.435973282,-0.665015665,-0.346416267,-0.223557192,-0.651886148,0.390933969,0.493217981,-0.203300305,-0.094016994,-0.032513702,-0.247774471,0.540076203,-0.552401149,0.265294003,0.527424215,-0.019292682,0.389953918,-0.287438837,0.334512828,-0.065058988,-0.536069903,-0.29279012,0.105031686,0.047995031,-0.083164943,-0.16321722,-0.083248526,-0.1253003,0.054032382,0.047880568,pos
pos22,-1.965617397,-3.172399744,-3.678606045,-1.014213514,0.732658865,-0.665005879,-0.891480643,-0.979247957,-0.431714559,1.420760741,-0.254192825,-0.056293415,-0.359777306,0.449993989,-1.096904594,1.117838619,1.021410805,0.566871647,-0.595390205,1.01610056,1.129120072,-0.883083065,0.314777179,0.30342255,0.223944161,0.277631551,-0.093250953,-0.137067223,-1.067176553,0.156546645,-0.026666933,0.443417174,0.497566068,0.320906216,-0.084341142,0.113225589,-0.217581526,-0.1639563,-0.727373583,-0.393779658,0.0802493,-0.380029597,0.061023731,-0.314136331,-0.036451662,0.32680904,-0.270507783,0.115881226,0.215706324,-0.109526739,-0.002537174,-0.004802988,-0.085026197,pos
pos23,-3.575784052,-3.881857871,-0.888023616,2.13304462,-0.426275131,0.673499984,-0.08205366,0.839723129,0.272008514,0.24830759,1.541551451,-0.112672666,-1.029627468,0.040489192,1.240329205,1.563304208,1.765441755,0.503215046,-0.260076359,-0.088925044,0.504820803,-0.455672306,0.262860599,0.032409336,0.423217758,0.889842369,-1.45217708,1.031535437,0.605527701,0.231807652,-0.268190565,0.722262752,-0.20751716,-0.630484289,0.122352991,-0.543542427,-0.355998969,-0.028661602,0.432688015,-0.060871102,-0.4853096,0.180193477,-0.371413293,0.288079621,0.575765017,0.097985212,-0.081627769,-0.230673943,-0.049968749,0.039121504,0.010733624,0.004497299,0.064846103,pos
pos24,-3.720003546,-4.030668776,2.314346532,1.165915412,0.755863716,-1.864886848,1.249149561,-1.668217167,0.575710657,0.396607261,-0.028044926,-0.713683513,-0.066955003,0.644189081,-1.342221211,0.250129719,-1.068559983,-0.837633749,0.429179984,1.564466253,0.274597904,0.497494246,-0.555257768,-0.996053371,-1.055144595,-0.619902638,-0.398233176,1.025775713,0.18911457,-0.356680524,0.833727709,0.229464631,-0.082627779,-0.225483083,-0.96609395,0.681294306,-0.148334554,-0.137438422,-0.341668342,0.064811342,0.425456022,-0.572156134,0.042566958,0.027621322,0.019986974,-0.39859512,-0.2098909,0.069083987,-0.060292869,0.025458473,-0.101615701,-0.018907029,0.042309189,pos
pos25,-3.179406051,-2.534430385,-0.869550766,2.612452561,0.426397999,0.723710227,-1.081615001,-1.181747419,-0.718260174,0.304588554,-1.106808112,-0.980413453,-0.037466384,1.292304313,-1.263518043,-0.706065801,-0.903413671,0.335484941,0.945918386,1.228820793,-0.453839015,0.447030782,-0.03666464,-0.959462397,0.61680781,-0.299230947,0.905073298,0.157091042,-0.552285047,0.093364355,-0.639236545,0.185316577,0.207455194,-0.709929376,0.390353994,-0.160657226,0.038174417,0.12945608,0.050803947,0.342493857,-0.082953539,0.196581787,0.013574889,-0.125163671,0.706491089,-0.374448743,0.278487039,-0.044846436,-0.153599506,0.260423238,0.057812344,0.160715026,-0.065617355,pos
pos26,-1.82790834,-6.85861404,-2.404226283,-2.051012129,-0.98408431,1.573579307,-1.477153119,0.679271803,-1.142631559,-4.971042545,2.103379999,2.873071658,-1.081461324,-1.221613703,0.243706476,-0.551478836,-0.796696669,0.119602592,-1.012579877,0.514760382,0.516655891,0.166431288,-2.353899542,-0.599036692,-0.036548453,-0.977316928,0.702367291,-0.545264529,0.366783571,0.028033761,-0.129572339,0.23912269,-0.681997294,0.158562551,-0.555782267,0.384682972,-0.044783456,0.342750686,-0.02742758,0.236436832,0.126453209,-0.459609061,0.2193399,0.159390924,-0.023941975,0.16195888,-0.029788939,-0.020216026,0.108515095,0.067277705,-0.004935968,-0.030924232,0.003821289,pos
pos27,-2.076157899,-4.585333466,-1.346088522,1.035797896,0.926345103,-0.110779096,-1.018425093,-1.651249363,-1.175695591,-0.131877812,-0.076034517,0.433421602,-0.267036026,0.414890992,-0.889295044,-0.235176332,0.095029557,0.303626972,-1.156393847,0.270457274,0.244495828,-0.424927447,1.147587459,-0.173605085,-0.237691253,-0.296529878,-0.75513659,1.064930015,-0.19282311,-1.095698195,-0.173350653,0.11620407,0.38772157,-0.135174366,0.264099567,-0.129294211,-0.300270705,-0.706280091,0.506675701,0.237797499,-0.075814184,-0.250914834,-0.206334313,-0.028114301,-0.447838436,-0.438470206,0.123311619,-0.01683001,-0.023674265,0.061624249,0.109248103,0.00354406,0.034380013,pos
pos3,-4.453160606,-0.327889097,3.999145467,-2.867947786,0.847394259,-0.352612823,0.653656665,-1.480038772,-0.284723781,-0.329035198,-0.869578631,-1.57635858,-0.237769642,-0.16379578,-1.01862747,-0.609791118,0.279211441,-0.148386294,0.189909636,-0.094681179,0.265221869,-0.595310569,-0.788730753,-0.180167917,0.551619404,-0.078078655,0.962565484,-0.864923819,-0.783783455,0.147758979,-0.919647707,-0.433321386,0.453373666,0.081163671,0.577384795,0.341688354,0.217620985,0.585930757,-0.184424588,-0.143307872,-0.179560017,-0.195511689,0.082924089,-0.191993813,-0.339501098,0.368578916,-0.212792959,0.141767216,-0.052271674,-0.083156852,-0.038376203,0.065174269,0.038485279,pos
pos4,-3.312526207,0.79175725,2.522483486,0.260305623,1.392387888,0.362771439,-0.043729489,-0.13959313,-0.589068001,-0.619015121,0.614005062,0.587109416,-0.429014806,0.357884125,0.850726553,-0.592309775,-0.186354276,-1.218397757,1.139204702,0.731902722,-0.208408673,-0.591971879,0.153524866,1.007821547,0.070924537,0.408963156,0.074502539,0.494381608,0.348026811,-0.126646318,0.536522684,0.425645278,0.038379383,-0.341489811,-0.035037976,-0.443255381,-0.182671706,1.038061012,-0.222860005,0.056841711,-0.998476361,0.317644127,0.550753819,-0.302747669,0.214294513,0.146615486,-0.308423838,-0.045453908,-0.06232034,0.105793895,0.009716607,-0.022277371,-0.02020906,pos
pos5,-3.812655786,-0.130063114,2.072575757,-0.319109412,1.00961626,0.240741338,0.676532889,-0.697114981,-0.249174184,0.161532825,-0.647206291,0.109738461,-0.185443241,-0.698125747,0.858125508,0.158500559,0.840123436,0.713609822,0.676960571,0.098737249,0.555610104,-0.252200689,0.365421241,0.901832484,0.668078784,-0.323829504,-0.452661838,-0.98408782,0.242752496,0.575878022,-0.150263136,-0.209436086,0.192410404,-0.132059685,0.140780297,-0.378206306,-0.027993309,0.151860681,0.166867973,-0.699824907,0.463631417,-0.364133286,0.266461907,0.277394184,-0.075347424,-0.150331634,0.145360817,0.051017508,-0.113568691,0.246259223,-0.082874776,-0.060567965,-0.031710912,pos
pos6,-5.043624932,0.327759964,1.392918839,-0.386519686,0.706582335,-1.802667847,-0.140084179,-0.694512685,-1.480023986,2.07350199,-0.090923071,-0.865985507,-0.616465916,0.268117794,0.142211607,-1.077766,-0.166714462,-0.798142506,0.498446228,-0.174288624,0.196084735,-0.218531317,-0.430282173,-0.670773686,0.168339232,0.876322921,1.04799511,-0.222350224,0.815449156,0.411975967,-1.008872705,-0.504396257,-0.92602911,0.242195217,-0.185938076,-0.285025017,0.346167259,-0.735419843,-0.007005052,-0.603997041,-0.016045483,0.18023086,0.248185668,-0.410144991,-0.169326805,0.025239904,0.055523758,-0.217133416,-0.127123131,-0.090697947,0.119439097,-0.005316519,0.062605217,pos
pos7,-3.166298732,-0.756290319,3.431180139,0.869591542,-1.64883761,1.627430624,-0.076349968,1.251428973,0.174720173,0.119916781,-0.187944303,-0.560066751,-0.336636628,-0.696375314,0.538588844,1.179635843,0.615784651,0.34598833,0.377484112,-1.768591692,0.072377665,2.029003673,0.04853569,0.408330141,0.164616261,-0.02746761,-1.022672152,0.666825232,-0.264135385,0.297850497,-1.285433314,0.38512838,-0.018511703,1.418014704,-0.6678411,0.530965898,0.261532109,-0.069148253,-0.086311981,0.298963857,0.300548069,0.397110147,-0.342003541,-0.042619466,-0.280761067,0.141247574,-0.218513027,0.057461709,-0.219196033,0.056645943,0.050032014,0.060515411,0.016904929,pos
pos8,-4.025084007,-1.763645346,0.424931424,-2.5043513,0.932240667,0.202675943,-0.921500349,-0.788556462,1.217805952,0.121102693,-0.467895258,-1.136699202,-0.229879483,0.742821062,-0.052062677,0.749732741,0.291721944,0.497866518,0.161545913,-0.758414197,0.270308898,-0.596824559,-0.884967129,-0.022844572,0.71499618,0.549235446,-0.655033987,-0.378590068,0.927939572,0.532126801,-0.300243054,0.582141438,0.781293536,-0.085454738,0.4110346,-0.1000497,-0.170179213,-0.66038357,-0.330992915,0.020367674,-0.194149101,-0.160097175,0.065468938,0.17389398,0.136417908,-0.100514463,-0.09669808,-0.002573332,0.217737394,0.174353552,0.152066892,0.060602643,-0.091958538,pos
pos9,-3.713974157,-1.651823707,2.798623069,-1.055502827,1.719019583,-0.402698673,0.006635793,0.782599741,-0.541237596,-0.585971832,-1.296266419,0.090118042,0.094993666,-0.206585293,-0.982770142,-1.246193088,0.529949999,0.620932876,-1.391773136,-1.156192361,-0.116442052,0.338553618,0.022743935,0.690560427,-0.093269169,-0.338455899,-0.838254139,-0.493047162,0.213669691,0.466322597,0.807578541,1.323276994,0.381077266,0.479729384,0.048344593,-0.540379491,0.179295762,0.387819917,0.522924567,0.198883922,-0.193557813,0.068024809,-0.158751257,-0.038658488,-0.337470027,-0.174858271,-0.104145693,0.35784413,-0.009142122,0.150133917,0.019686417,-0.026718096,-0.053221009,pos